family_name_reconciled,family_name_analysis,n_languages,sample_languages,raw_family_names,mapping_action,mapping_reason,review_status,reviewer_notes
Abkhaz-Adyge,Abkhaz-Adyge,4,abq (Abaza); ab (Abkhazian); ady (Adyghe); kbd (Kabardian),Caucasian languages: 4,preserve_reconciled,Preserves reconciled family label for analysis.,accepted,
Afro-Asiatic languages,Afro-Asiatic languages,51,aa (Afar); akk (Akkadian); arq (Algerian Arabic); am (Amharic); egy (Ancient Egyptian); xna (Ancient North Arabian); ar (Arabic); arc (Aramaic),Afro-Asiatic languages: 51,preserve_reconciled,Preserves reconciled family label for analysis.,accepted,
Afro-Asiatic,Afro-Asiatic languages,1,smp (Samaritan),Artificial languages: 1,normalize_variant,Normalizes variant spelling to existing label: Afro-Asiatic languages.,pending,
Albanian languages,Albanian languages,2,sq (Albanian); aln (Gheg Albanian),Albanian languages: 2,preserve_reconciled,Preserves reconciled family label for analysis.,accepted,
Algic,Algic,20,arp (Arapaho); atj (Atikamekw); ojc (Central Ojibwa); chy (Cheyenne); ojg (Eastern Ojibwa); moe (Innu-aimun); pqm (Maliseet-Passamaquoddy); mic (Mi'kmaw),North American Indian languages: 20,preserve_reconciled,Preserves reconciled family label for analysis.,accepted,
Altaic languages,Altaic languages,7,"az (Azerbaijani); bua (Buriat); mn (Mongolian); otk (Old Turkish); ota (Turkish, Ottoman (1500-1928)); uz (Uzbek); uz_AF (Uzbeki Afghanistan)",Altaic languages: 7,row_level_reconciliation,Contested macrofamily; assign affected languages to more specific families in the reconciliation review.,reference_only,
Araucanian,Araucanian,1,arn (Mapuche),South American Indian languages: 1,preserve_reconciled,Preserves reconciled family label for analysis.,accepted,
Arawakan,Arawakan,3,arw (Arawak); ter (Tereno); guc (Wayuu),South American Indian languages: 3,preserve_reconciled,Preserves reconciled family label for analysis.,accepted,
Armenian languages,Armenian languages,1,hy (Armenian),Armenian languages: 1,preserve_reconciled,Preserves reconciled family label for analysis.,accepted,
Artificial languages,Artificial languages,14,afh (Afrihili); zbl (Blissymbols); eo (Esperanto); io (Ido); ia (Interlingua); ie (Interlingue); tlh (Klingon); avk (Kotava),Artificial languages: 14,retain_special_category,Special comparison category retained as its own visible analysis label.,accepted,
Athabaskan-Eyak-Tlingit,Athabaskan-Eyak-Tlingit,12,clc (Chilcotin); chp (Chipewyan); dgr (Dogrib); gwi (Gwichʼin); hup (Hupa); nv (Navajo); scs (North Slavey); ttm (Northern Tutchone),North American Indian languages: 12,preserve_reconciled,Preserves reconciled family label for analysis.,accepted,
Atlantic-Congo,Atlantic-Congo,137,abr (Abron); ada (Adangme); agq (Aghem); ak (Akan); bss (Akoose); amo (Amo); blo (Anii); asa (Asu),Niger-Kordofanian languages: 134; Nilo-Saharan languages: 3,preserve_reconciled,Preserves reconciled family label for analysis.,accepted,
Austro-Asiatic languages,Austro-Asiatic languages,14,lwl (Eastern Lawa); hoc (Ho); kha (Khasi); km (Khmer); kjg (Khmu); kdt (Kuy); mnw (Mon); unx (Munda),Austro-Asiatic languages: 14,preserve_reconciled,Preserves reconciled family label for analysis.,accepted,
Austroasiatic,Austro-Asiatic languages,1,stu (Samtao),Sino-Tibetan languages: 1,normalize_variant,Normalizes variant spelling to existing label: Austro-Asiatic languages.,pending,
Austronesian languages,Austronesian languages,83,ace (Acehnese); ban (Balinese); bjn (Banjar); map-bms (Banyumasan); bbc (Batak Toba); bew (Betawi); bcl (Bikol); bik (Bikol),Austronesian languages: 83,preserve_reconciled,Preserves reconciled family label for analysis.,accepted,
Austronesian,Austronesian languages,1,buc (Bushi),Niger-Kordofanian languages: 1,normalize_variant,Normalizes variant spelling to existing label: Austronesian languages.,pending,
Basque languages,Basque languages,1,eu (Basque),Basque languages: 1,preserve_reconciled,Preserves reconciled family label for analysis.,accepted,
Caddoan,Caddoan,1,cad (Caddo),North American Indian languages: 1,preserve_reconciled,Preserves reconciled family label for analysis.,accepted,
Cariban,Cariban,1,car (Carib),South American Indian languages: 1,preserve_reconciled,Preserves reconciled family label for analysis.,accepted,
Central American Indian languages,Central American Indian languages,2,len (Lenca); zap (Zapotec),Central American Indian languages: 2,row_level_reconciliation,ISO 639-5 geographic cover label; assign affected languages to genealogical families in the reconciliation review.,reference_only,
Central Sudanic,Central Sudanic,1,sba (Ngambay),Nilo-Saharan languages: 1,preserve_reconciled,Preserves reconciled family label for analysis.,accepted,
Chibchan,Chibchan,1,chb (Chibcha),Central American Indian languages: 1,preserve_reconciled,Preserves reconciled family label for analysis.,accepted,
Chukotko-Kamchatkan languages,Chukotko-Kamchatkan languages,2,ckt (Chukot); kpy (Koryak),Chukotko-Kamchatkan languages: 2,preserve_reconciled,Preserves reconciled family label for analysis.,accepted,
Creoles and pidgins,Creoles and pidgins,18,bi (Bislama); chn (Chinook Jargon); gcr (Guianese Creole French); ho (Hiri Motu); jam (Jamaican Creole English); kea (Kabuverdianu); kri (Krio); lou (Louisiana Creole),Creoles and pidgins: 17; Austronesian languages: 1,retain_special_category,Special comparison category retained as its own visible analysis label.,accepted,
Dogon,Dogon,1,dtm (Tomo Kan Dogon),Nilo-Saharan languages: 1,preserve_reconciled,Preserves reconciled family label for analysis.,accepted,
Dravidian languages,Dravidian languages,10,bfq (Badaga); brh (Brahui); gon (Gondi); kn (Kannada); kru (Kurukh); kxv (Kuvi); ml (Malayalam); ta (Tamil),Dravidian languages: 10,preserve_reconciled,Preserves reconciled family label for analysis.,accepted,
Dravidian,Dravidian languages,1,wbq (Waddar),Indo-European languages: 1,normalize_variant,Normalizes variant spelling to existing label: Dravidian languages.,pending,
Eskimo-Aleut languages,Eskimo-Aleut languages,5,ale (Aleut); esu (Central Yupik); ike (Eastern Canadian Inuktitut); iu (Inuktitut); ikt (Western Canadian Inuktitut),Eskimo-Aleut languages: 5,preserve_reconciled,Preserves reconciled family label for analysis.,accepted,
Eskimo-Aleut,Eskimo-Aleut languages,1,kl (Kalaallisut),North American Indian languages: 1,normalize_variant,Normalizes variant spelling to existing label: Eskimo-Aleut languages.,pending,
Undeciphered script,Exclude from family aggregation,1,lab (Linear A),Undeciphered script: 1,exclude_special,Special non-family category; keep out of family-comparison charts.,pending,
Furan,Furan,1,fvr (Fur),Nilo-Saharan languages: 1,preserve_reconciled,Preserves reconciled family label for analysis.,accepted,
Hmong-Mien languages,Hmong-Mien languages,4,hmn (Hmong); mww (Hmong Daw); hnj (Hmong Njua); hmd (Large Flowery Miao),Hmong-Mien languages: 4,preserve_reconciled,Preserves reconciled family label for analysis.,accepted,
Indo-European languages,Indo-European languages,244,af (Afrikaans); als (Alemannic); grc (Ancient Greek); anp (Angika); an (Aragonese); roa-rup (Aromanian); rup (Aromanian); frp (Arpitan),Indo-European languages: 244,preserve_reconciled,Preserves reconciled family label for analysis.,accepted,
Indo-European,Indo-European languages,1,ccp (Chakma),Sino-Tibetan languages: 1,normalize_variant,Normalizes variant spelling to existing label: Indo-European languages.,pending,
Iroquoian,Iroquoian,4,cay (Cayuga); chr (Cherokee); moh (Mohawk); see (Seneca),North American Indian languages: 4,preserve_reconciled,Preserves reconciled family label for analysis.,accepted,
Japonic languages,Japonic languages,2,ryu (Central Okinawan); ja (Japanese),Japonic languages: 2,preserve_reconciled,Preserves reconciled family label for analysis.,accepted,
Kartvelian,Kartvelian,3,ka (Georgian); lzz (Laz); xmf (Mingrelian),Caucasian languages: 3,preserve_reconciled,Preserves reconciled family label for analysis.,accepted,
Khoe-Kwadi,Khoe-Kwadi,1,naq (Nama),Khoisan languages: 1,preserve_reconciled,Preserves reconciled family label for analysis.,accepted,
Kru,Kru,1,bsq (Bassa),Niger-Kordofanian languages: 1,preserve_reconciled,Preserves reconciled family label for analysis.,accepted,
Language isolate,Language isolate,14,ain (Ainu); elx (Elamite); ett (Etruscan); hai (Haida); ko (Korean); kut (Kutenai); xmr (Meroitic); hdn (Northern Haida),Language isolate: 14,retain_special_category,Special comparison category retained as its own visible analysis label.,accepted,
Maban,Maban,2,mde (Maba); mls (Masalit),Nilo-Saharan languages: 2,preserve_reconciled,Preserves reconciled family label for analysis.,accepted,
Mande,Mande,11,bm (Bambara); dyu (Dyula); bze (Jenaama Bozo); mwk (Kita Maninkakan); kfo (Koro); bzx (Kɛlɛngaxo Bozo); men (Mende); snk (Soninke),Niger-Kordofanian languages: 9; Nilo-Saharan languages: 2,preserve_reconciled,Preserves reconciled family label for analysis.,accepted,
Mayan,Mayan,2,quc (Kʼicheʼ); yua (Yucateco),Central American Indian languages: 2,preserve_reconciled,Preserves reconciled family label for analysis.,accepted,
Misumalpan,Misumalpan,1,ccr (Cacaopera),Central American Indian languages: 1,preserve_reconciled,Preserves reconciled family label for analysis.,accepted,
Mongolic-Khitan,Mongolic-Khitan,2,bxr (Buriat (Russia)); xal (Kalmyk),Altaic languages: 2,preserve_reconciled,Preserves reconciled family label for analysis.,accepted,
Muskogean,Muskogean,4,akz (Alabama); cic (Chickasaw); cho (Choctaw); mus (Muscogee),North American Indian languages: 4,preserve_reconciled,Preserves reconciled family label for analysis.,accepted,
Nakh-Daghestanian,Nakh-Daghestanian,8,av (Avaric); ce (Chechen); dar (Dargwa); inh (Ingush); lbe (Lak); lez (Lezghian); tab (Tabassaran); tkr (Tsakhur),Caucasian languages: 8,preserve_reconciled,Preserves reconciled family label for analysis.,accepted,
Niger-Kordofanian languages,Niger-Kordofanian languages,13,dnj (Dan); fat (Fanti); ff (Fula); gba (Gbaya); grb (Grebo); kg (Kongo); kpe (Kpelle); kro (Kru languages),Niger-Kordofanian languages: 13,row_level_reconciliation,Legacy macrofamily label; assign affected languages to more specific Glottolog/SIL-informed families in the reconciliation review.,reference_only,
Nilo-Saharan languages,Nilo-Saharan languages,3,din (Dinka); kln (Kalenjin); kr (Kanuri),Nilo-Saharan languages: 3,row_level_reconciliation,Contested macrofamily; assign affected languages to more specific families in the reconciliation review.,reference_only,
Nilotic,Nilotic,8,ach (Acoli); laj (Lango (Uganda)); luo (Luo); mas (Masai); nus (Nuer); pko (Pökoot); saq (Samburu); teo (Teso),Nilo-Saharan languages: 8,preserve_reconciled,Preserves reconciled family label for analysis.,accepted,
North American Indian languages,North American Indian languages,6,cr (Cree); del (Delaware); ik (Inupiaq); nah (Nahuatl); oj (Ojibwa); den (Slave),North American Indian languages: 6,row_level_reconciliation,ISO 639-5 geographic cover label; assign affected languages to genealogical families in the reconciliation review.,reference_only,
Nubian,Nubian,1,fia (Nobiin),Nilo-Saharan languages: 1,preserve_reconciled,Preserves reconciled family label for analysis.,accepted,
Nuclear-Macro-Je,Nuclear-Macro-Je,2,kgp (Kaingang); xav (Xavánte),South American Indian languages: 2,preserve_reconciled,Preserves reconciled family label for analysis.,accepted,
Otomanguean,Otomanguean,1,maz (Central Mazahua),Central American Indian languages: 1,preserve_reconciled,Preserves reconciled family label for analysis.,accepted,
Pama-Nyungan,Pama-Nyungan,1,wbp (Warlpiri),Australian languages: 1,preserve_reconciled,Preserves reconciled family label for analysis.,accepted,
Pano-Tacanan,Pano-Tacanan,1,aro (Araona),South American Indian languages: 1,preserve_reconciled,Preserves reconciled family label for analysis.,accepted,
Quechuan,Quechuan,1,qug (Chimborazo Highland Quichua),South American Indian languages: 1,preserve_reconciled,Preserves reconciled family label for analysis.,accepted,
Saharan,Saharan,3,dzg (Dazaga); kbl (Kanembu); zag (Zaghawa),Nilo-Saharan languages: 3,preserve_reconciled,Preserves reconciled family label for analysis.,accepted,
Salishan,Salishan,6,hur (Halkomelem); lil (Lillooet); lut (Lushootseed); oka (Okanagan); slh (Southern Lushootseed); str (Straits Salish),North American Indian languages: 6,preserve_reconciled,Preserves reconciled family label for analysis.,accepted,
Sign languages,Sign languages,1,ase (American Sign Language),Sign languages: 1,retain_special_category,Special comparison category retained as its own visible analysis label.,accepted,
Sino-Tibetan languages,Sino-Tibetan languages,48,njo (Ao Naga); bft (Balti); bap (Bantawa); brx (Bodo); my (Burmese); yue (Cantonese); zh-yue (Cantonese); zh (Chinese),Sino-Tibetan languages: 48,preserve_reconciled,Preserves reconciled family label for analysis.,accepted,
Siouan,Siouan,3,dak (Dakota); lkt (Lakota); osa (Osage),North American Indian languages: 3,preserve_reconciled,Preserves reconciled family label for analysis.,accepted,
Songhay,Songhay,4,khq (Koyra Chiini); ses (Koyraboro Senni); twq (Tasawaq); dje (Zarma),Nilo-Saharan languages: 4,preserve_reconciled,Preserves reconciled family label for analysis.,accepted,
South American Indian languages,South American Indian languages,4,ay (Aymara); gub (Guajajára); gn (Guarani); qu (Quechua),South American Indian languages: 4,row_level_reconciliation,ISO 639-5 geographic cover label; assign affected languages to genealogical families in the reconciliation review.,reference_only,
Tai-Kadai languages,Tai-Kadai languages,10,lo (Lao); khb (Lü); tts (Northeastern Thai); nod (Northern Thai); shn (Shan); sou (Southern Thai); blt (Tai Dam); tdd (Tai Nüa),Tai-Kadai languages: 10,preserve_reconciled,Preserves reconciled family label for analysis.,accepted,
Tai-Kadai,Tai-Kadai languages,1,kht (Khamti),Sino-Tibetan languages: 1,normalize_variant,Normalizes variant spelling to existing label: Tai-Kadai languages.,pending,
Tsimshian,Tsimshian,1,tsi (Tsimshian),North American Indian languages: 1,preserve_reconciled,Preserves reconciled family label for analysis.,accepted,
Tungusic,Tungusic,4,evn (Evenki); mnc (Manchu); gld (Nanai); ude (Udihe),Altaic languages: 4,preserve_reconciled,Preserves reconciled family label for analysis.,accepted,
Tupian,Tupian,1,yrl (Nheengatu),South American Indian languages: 1,preserve_reconciled,Preserves reconciled family label for analysis.,accepted,
Turkic,Turkic,21,bgx (Balkan Gagauz Turkish); ba (Bashkir); chg (Chagatai); cv (Chuvash); crh (Crimean Tatar); gag (Gagauz); kaa (Kara-Kalpak); krc (Karachay-Balkar),Altaic languages: 21,preserve_reconciled,Preserves reconciled family label for analysis.,accepted,
Uralic languages,Uralic languages,27,myv (Erzya); et (Estonian); fi (Finnish); hu (Hungarian); smn (Inari Sami); izh (Ingrian); krl (Karelian); kca (Khanty),Uralic languages: 27,preserve_reconciled,Preserves reconciled family label for analysis.,accepted,
Uto-Aztecan,Uto-Aztecan,6,nch (Central Huasteca Nahuatl); nhe (Eastern Huasteca Nahuatl); hop (Hopi); lui (Luiseno); ppl (Pipil); nhw (Western Huasteca Nahuatl),North American Indian languages: 6,preserve_reconciled,Preserves reconciled family label for analysis.,accepted,
Wakashan,Wakashan,1,kwk (Kwakʼwala),North American Indian languages: 1,preserve_reconciled,Preserves reconciled family label for analysis.,accepted,
