language_name,language_code,modern_language,is_official,script_name,script_code,script_modern,is_rtl
Abaza,abq,True,False,Cyrillic,Cyrl,True,False
Abkhazian,ab,True,False,Cyrillic,Cyrl,True,False
Abron,abr,True,False,Latin,Latn,True,False
Acehnese,ace,True,False,Latin,Latn,True,False
Acoli,ach,True,False,Latin,Latn,True,False
Adangme,ada,True,False,Latin,Latn,True,False
Adyghe,ady,True,False,Cyrillic,Cyrl,True,False
Afar,aa,True,False,Latin,Latn,True,False
Afrikaans,af,True,False,Latin,Latn,True,False
Aghem,agq,True,False,Latin,Latn,True,False
Ainu,ain,True,False,Katakana,Kana,True,False
Ainu,ain,True,False,Latin,Latn,True,False
Akan,ak,True,False,Latin,Latn,True,False
Akkadian,akk,False,False,Sumero-Akkadian Cuneiform,Xsux,False,False
Akoose,bss,True,False,Latin,Latn,True,False
Alabama,akz,True,False,Latin,Latn,True,False
Albanian,sq,True,True,Latin,Latn,True,False
Albanian,sq,True,True,Elbasan,Elba,False,False
Aleut,ale,True,False,Latin,Latn,True,False
Algerian Arabic,arq,True,False,Arabic,Arab,True,True
American Sign Language,ase,True,True,Unknown Script,Zzzz,True,False
Amharic,am,True,True,Ethiopic,Ethi,True,False
Amo,amo,True,False,Latin,Latn,True,False
Ancient Egyptian,egy,False,False,Egyptian hieroglyphs,Egyp,False,False
Ancient Greek,grc,False,False,Greek,Grek,True,False
Ancient Greek,grc,False,False,Cypriot,Cprt,False,True
Ancient Greek,grc,False,False,Linear B,Linb,True,True
Ancient North Arabian,xna,False,False,Old North Arabian,Narb,False,True
Angika,anp,True,False,Devanagari,Deva,True,False
Anii,blo,True,False,Latin,Latn,True,False
Ao Naga,njo,True,False,Latin,Latn,True,False
Arabic,ar,True,True,Arabic,Arab,True,True
Arabic,ar,True,True,Syriac,Syrc,True,True
Aragonese,an,True,False,Latin,Latn,True,False
Aramaic,arc,False,False,Imperial Aramaic,Armi,False,True
Aramaic,arc,False,False,Nabataean,Nbat,True,True
Aramaic,arc,False,False,Palmyrene,Palm,True,True
Araona,aro,True,False,Latin,Latn,True,False
Arapaho,arp,True,False,Latin,Latn,True,False
Arawak,arw,True,False,Latin,Latn,True,False
Armenian,hy,True,True,Armenian,Armn,True,False
Aromanian,rup,True,False,Latin,Latn,True,False
Arpitan,frp,True,False,Latin,Latn,True,False
Assamese,as,True,False,Bangla,Beng,True,False
Assyrian Neo-Aramaic,aii,True,False,Cyrillic,Cyrl,True,False
Assyrian Neo-Aramaic,aii,True,False,Syriac,Syrc,True,True
Asturian,ast,True,False,Latin,Latn,True,False
Asu,asa,True,False,Latin,Latn,True,False
Atikamekw,atj,True,False,Latin,Latn,True,False
Atsam,cch,True,False,Latin,Latn,True,False
Avaric,av,True,False,Cyrillic,Cyrl,True,False
Avestan,ae,False,False,Avestan,Avst,False,True
Awadhi,awa,True,False,Devanagari,Deva,True,False
Aymara,ay,True,True,Latin,Latn,True,False
Azerbaijani,az,True,True,Arabic,Arab,True,True
Azerbaijani,az,True,True,Cyrillic,Cyrl,True,False
Azerbaijani,az,True,True,Latin,Latn,True,False
Badaga,bfq,True,False,Tamil,Taml,True,False
Bafia,ksf,True,False,Latin,Latn,True,False
Bafut,bfd,True,False,Latin,Latn,True,False
Bagheli,bfy,True,False,Devanagari,Deva,True,False
Bakhtiari,bqi,True,False,Arabic,Arab,True,True
Balinese,ban,True,False,Balinese,Bali,True,False
Balinese,ban,True,False,Latin,Latn,True,False
Balkan Gagauz Turkish,bgx,True,False,Greek,Grek,True,False
Balti,bft,True,False,Arabic,Arab,True,True
Balti,bft,True,False,Tibetan,Tibt,True,False
Baluchi,bal,True,False,Arabic,Arab,True,True
Baluchi,bal,True,False,Latin,Latn,True,False
Bambara,bm,True,False,Latin,Latn,True,False
Bambara,bm,True,False,N’Ko,Nkoo,True,True
Bamun,bax,True,False,Bamum,Bamu,True,False
Bangla,bn,True,True,Bangla,Beng,True,False
Banjar,bjn,True,False,Latin,Latn,True,False
Bantawa,bap,True,False,Devanagari,Deva,True,False
Baoulé,bci,True,False,Latin,Latn,True,False
Basaa,bas,True,False,Latin,Latn,True,False
Bashkir,ba,True,False,Cyrillic,Cyrl,True,False
Basque,eu,True,False,Latin,Latn,True,False
Batak Toba,bbc,True,False,Batak,Batk,True,False
Batak Toba,bbc,True,False,Latin,Latn,True,False
Bateri,btv,True,False,Devanagari,Deva,True,False
Bavarian,bar,True,False,Latin,Latn,True,False
Beja,bej,True,False,Arabic,Arab,True,True
Belarusian,be,True,True,Cyrillic,Cyrl,True,False
Bemba,bem,True,False,Latin,Latn,True,False
Bena,bez,True,False,Latin,Latn,True,False
Betawi,bew,True,False,Latin,Latn,True,False
Bhilali,bhi,True,False,Devanagari,Deva,True,False
Bhili,bhb,True,False,Devanagari,Deva,True,False
Bhojpuri,bho,True,False,Devanagari,Deva,True,False
Bikol,bik,True,False,Latin,Latn,True,False
Bini,bin,True,False,Latin,Latn,True,False
Bishnupriya,bpy,True,False,Bangla,Beng,True,False
Bislama,bi,True,True,Latin,Latn,True,False
Blin,byn,True,False,Ethiopic,Ethi,True,False
Bodo,brx,True,False,Devanagari,Deva,True,False
Bomu,bmq,True,False,Latin,Latn,True,False
Bosnian,bs,True,True,Cyrillic,Cyrl,True,False
Bosnian,bs,True,True,Latin,Latn,True,False
Brahui,brh,True,False,Arabic,Arab,True,True
Brahui,brh,True,False,Latin,Latn,True,False
Braj,bra,True,False,Devanagari,Deva,True,False
Breton,br,True,False,Latin,Latn,True,False
Bube,bvb,True,False,Latin,Latn,True,False
Buginese,bug,True,False,Latin,Latn,True,False
Buginese,bug,True,False,Buginese,Bugi,False,False
Buhid,bku,True,False,Latin,Latn,True,False
Buhid,bku,True,False,Buhid,Buhd,False,False
Bulgarian,bg,True,True,Cyrillic,Cyrl,True,False
Bulu,bum,True,False,Latin,Latn,True,False
Buriat,bua,True,False,Cyrillic,Cyrl,True,False
Burmese,my,True,True,Myanmar,Mymr,True,False
Bushi,buc,True,False,Latin,Latn,True,False
Caddo,cad,True,False,Latin,Latn,True,False
Cajun French,frc,True,False,Latin,Latn,True,False
Cantonese,yue,True,False,Simplified,Hans,True,False
Cantonese,yue,True,False,Traditional,Hant,True,False
Capiznon,cps,True,False,Latin,Latn,True,False
Carian,xcr,False,False,Carian,Cari,False,False
Carib,car,True,False,Latin,Latn,True,False
Catalan,ca,True,True,Latin,Latn,True,False
Cayuga,cay,True,False,Latin,Latn,True,False
Cebaara Senoufo,sef,True,False,Latin,Latn,True,False
Cebuano,ceb,True,False,Latin,Latn,True,False
Central Atlas Tamazight,tzm,True,True,Latin,Latn,True,False
Central Atlas Tamazight,tzm,True,True,Tifinagh,Tfng,True,True
Central Dusun,dtp,True,False,Latin,Latn,True,False
Central Huasteca Nahuatl,nch,True,False,Latin,Latn,True,False
Central Kurdish,ckb,True,False,Arabic,Arab,True,True
Central Mazahua,maz,True,False,Latin,Latn,True,False
Central Ojibwa,ojc,True,True,Unknown Script,Zzzz,True,False
Central Okinawan,ryu,True,False,Katakana,Kana,True,False
Central Yupik,esu,True,False,Latin,Latn,True,False
Central-Eastern Niger Fulfulde,fuq,True,False,Latin,Latn,True,False
Chadian Arabic,shu,True,True,Unknown Script,Zzzz,True,False
Chakma,ccp,True,False,Bangla,Beng,True,False
Chakma,ccp,True,False,Chakma,Cakm,True,False
Chamorro,ch,True,True,Latin,Latn,True,False
Chechen,ce,True,False,Cyrillic,Cyrl,True,False
Cherokee,chr,True,False,Cherokee,Cher,True,False
Cheyenne,chy,True,False,Latin,Latn,True,False
Chhattisgarhi,hne,True,False,Devanagari,Deva,True,False
Chickasaw,cic,True,False,Latin,Latn,True,False
Chiga,cgg,True,False,Latin,Latn,True,False
Chilcotin,clc,True,False,Latin,Latn,True,False
Chimborazo Highland Quichua,qug,True,False,Latin,Latn,True,False
Chinese,zh,True,True,Bopomofo,Bopo,True,False
Chinese,zh,True,True,Simplified,Hans,True,False
Chinese,zh,True,True,Traditional,Hant,True,False
Chinese,zh,True,True,Phags-pa,Phag,False,False
Chinook Jargon,chn,True,False,Latin,Latn,True,False
Chipewyan,chp,True,False,Latin,Latn,True,False
Chipewyan,chp,True,False,Unified Canadian Aboriginal Syllabics,Cans,True,False
Choctaw,cho,True,False,Latin,Latn,True,False
Chukot,ckt,True,False,Cyrillic,Cyrl,True,False
Church Slavic,cu,False,False,Cyrillic,Cyrl,True,False
Chuukese,chk,True,False,Latin,Latn,True,False
Chuvash,cv,True,False,Cyrillic,Cyrl,True,False
Classical Mandaic,myz,False,False,Mandaean,Mand,True,False
Colognian,ksh,True,False,Latin,Latn,True,False
Comorian,swb,True,False,Arabic,Arab,True,True
Comorian,swb,True,False,Latin,Latn,True,False
Coptic,cop,False,False,Arabic,Arab,True,True
Coptic,cop,False,False,Greek,Grek,True,False
Coptic,cop,False,False,Coptic,Copt,False,False
Cornish,kw,True,False,Latin,Latn,True,False
Corsican,co,True,False,Latin,Latn,True,False
Cree,cr,True,False,Latin,Latn,True,False
Cree,cr,True,False,Unified Canadian Aboriginal Syllabics,Cans,True,False
Crimean Tatar,crh,True,False,Cyrillic,Cyrl,True,False
Croatian,hr,True,True,Latin,Latn,True,False
Czech,cs,True,True,Latin,Latn,True,False
Dakota,dak,True,False,Latin,Latn,True,False
Dan,dnj,True,False,Latin,Latn,True,False
Dangaura Tharu,thl,True,False,Devanagari,Deva,True,False
Danish,da,True,True,Latin,Latn,True,False
Dargwa,dar,True,False,Cyrillic,Cyrl,True,False
Dazaga,dzg,True,True,Unknown Script,Zzzz,True,False
Deccan,dcc,True,False,Arabic,Arab,True,True
Delaware,del,True,False,Latin,Latn,True,False
Dinka,din,True,False,Latin,Latn,True,False
Divehi,dv,True,True,Thaana,Thaa,True,True
Dogri,doi,True,False,Arabic,Arab,True,True
Dogri,doi,True,False,Devanagari,Deva,True,False
Dogri,doi,True,False,Takri,Takr,False,False
Dogrib,dgr,True,False,Latin,Latn,True,False
Domari,rmt,True,False,Arabic,Arab,True,True
Dotyali,dty,True,False,Devanagari,Deva,True,False
Duala,dua,True,False,Latin,Latn,True,False
Dungan,dng,True,False,Cyrillic,Cyrl,True,False
Dutch,nl,True,True,Latin,Latn,True,False
Dyula,dyu,True,False,Latin,Latn,True,False
Dzongkha,dz,True,True,Tibetan,Tibt,True,False
East Futuna,fud,True,False,Latin,Latn,True,False
Eastern Canadian Inuktitut,ike,True,True,Unknown Script,Zzzz,True,False
Eastern Cham,cjm,True,False,Arabic,Arab,True,True
Eastern Cham,cjm,True,False,Cham,Cham,True,False
Eastern Frisian,frs,True,False,Latin,Latn,True,False
Eastern Huasteca Nahuatl,nhe,True,False,Latin,Latn,True,False
Eastern Kayah,eky,True,False,Kayah Li,Kali,True,False
Eastern Lawa,lwl,True,False,Thai,Thai,True,False
Eastern Magar,mgp,True,False,Devanagari,Deva,True,False
Eastern Ojibwa,ojg,True,True,Unknown Script,Zzzz,True,False
Eastern Tamang,taj,True,False,Devanagari,Deva,True,False
Eastern Tamang,taj,True,False,Tibetan,Tibt,True,False
Efik,efi,True,False,Latin,Latn,True,False
Egyptian Arabic,arz,True,False,Arabic,Arab,True,True
Ekajuk,eka,True,False,Latin,Latn,True,False
Embu,ebu,True,False,Latin,Latn,True,False
Emilian,egl,True,False,Latin,Latn,True,False
English,en,True,True,Latin,Latn,True,False
English,en,True,True,Deseret,Dsrt,False,False
English,en,True,True,Shavian,Shaw,True,False
Erzya,myv,True,False,Cyrillic,Cyrl,True,False
Esperanto,eo,False,False,Latin,Latn,True,False
Estonian,et,True,True,Latin,Latn,True,False
Etruscan,ett,False,False,Latin,Latn,True,False
Etruscan,ett,False,False,Old Italic,Ital,False,True
Evenki,evn,True,False,Cyrillic,Cyrl,True,False
Ewe,ee,True,False,Latin,Latn,True,False
Ewondo,ewo,True,False,Latin,Latn,True,False
Extremaduran,ext,True,False,Latin,Latn,True,False
Fang,fan,True,False,Latin,Latn,True,False
Fanti,fat,True,True,Unknown Script,Zzzz,True,False
Faroese,fo,True,True,Latin,Latn,True,False
Fiji Hindi,hif,True,True,Devanagari,Deva,True,False
Fiji Hindi,hif,True,True,Latin,Latn,True,False
Fijian,fj,True,True,Latin,Latn,True,False
Filipino,fil,True,True,Latin,Latn,True,False
Filipino,fil,True,True,Tagalog,Tglg,False,False
Finnish,fi,True,True,Latin,Latn,True,False
Fon,fon,True,False,Latin,Latn,True,False
Frafra,gur,True,False,Latin,Latn,True,False
French,fr,True,True,Latin,Latn,True,False
French,fr,True,True,Duployan shorthand,Dupl,False,False
Friulian,fur,True,False,Latin,Latn,True,False
Fula,ff,True,False,Adlam,Adlm,True,True
Fula,ff,True,False,Latin,Latn,True,False
Fur,fvr,True,False,Latin,Latn,True,False
Ga,gaa,True,False,Latin,Latn,True,False
Gagauz,gag,True,False,Cyrillic,Cyrl,True,False
Gagauz,gag,True,False,Latin,Latn,True,False
Galician,gl,True,False,Latin,Latn,True,False
Gan Chinese,gan,True,False,Simplified,Hans,True,False
Ganda,lg,True,False,Latin,Latn,True,False
Garhwali,gbm,True,False,Devanagari,Deva,True,False
Garo,grt,True,False,Bangla,Beng,True,False
Gayo,gay,True,False,Latin,Latn,True,False
Gbaya,gba,True,False,Latin,Latn,True,False
Geez,gez,False,False,Ethiopic,Ethi,True,False
Georgian,ka,True,True,Georgian,Geor,True,False
German,de,True,True,Latin,Latn,True,False
German,de,True,True,Runic,Runr,False,False
Gheg Albanian,aln,True,False,Latin,Latn,True,False
Ghomala,bbj,True,False,Latin,Latn,True,False
Gilaki,glk,True,False,Arabic,Arab,True,True
Gilbertese,gil,True,True,Latin,Latn,True,False
Goan Konkani,gom,True,False,Devanagari,Deva,True,False
Gondi,gon,True,False,Devanagari,Deva,True,False
Gondi,gon,True,False,Telugu,Telu,True,False
Gorontalo,gor,True,False,Latin,Latn,True,False
Gothic,got,False,False,Gothic,Goth,False,False
Grebo,grb,True,False,Latin,Latn,True,False
Greek,el,True,True,Greek,Grek,True,False
Gronings,gos,True,False,Latin,Latn,True,False
Guajajára,gub,True,False,Latin,Latn,True,False
Guarani,gn,True,True,Latin,Latn,True,False
Guianese Creole French,gcr,True,False,Latin,Latn,True,False
Gujarati,gu,True,False,Gujarati,Gujr,True,False
Gujari,gju,True,False,Arabic,Arab,True,True
Gurung,gvr,True,False,Devanagari,Deva,True,False
Gusii,guz,True,False,Latin,Latn,True,False
Gwichʼin,gwi,True,False,Latin,Latn,True,False
Hadothi,hoj,True,False,Devanagari,Deva,True,False
Haida,hai,True,False,Latin,Latn,True,False
Haitian Creole,ht,True,True,Latin,Latn,True,False
Hakka Chinese,hak,True,False,Simplified,Hans,True,False
Halkomelem,hur,True,False,Latin,Latn,True,False
Hanunoo,hnn,True,False,Latin,Latn,True,False
Hanunoo,hnn,True,False,Hanunoo,Hano,False,False
Haryanvi,bgc,True,False,Devanagari,Deva,True,False
Hausa,ha,True,False,Arabic,Arab,True,True
Hausa,ha,True,False,Latin,Latn,True,False
Hawaiian,haw,True,False,Latin,Latn,True,False
Hazaragi,haz,True,False,Arabic,Arab,True,True
Hebrew,he,True,True,Hebrew,Hebr,True,True
Herero,hz,True,False,Latin,Latn,True,False
Hiligaynon,hil,True,False,Latin,Latn,True,False
Hindi,hi,True,True,Devanagari,Deva,True,False
Hindi,hi,True,True,Latin,Latn,True,False
Hindi,hi,True,True,Mahajani,Mahj,False,False
Hiri Motu,ho,True,True,Latin,Latn,True,False
Hittite,hit,False,False,Sumero-Akkadian Cuneiform,Xsux,False,False
Hmong,hmn,True,False,Latin,Latn,True,False
Hmong,hmn,True,False,Pahawh Hmong,Hmng,False,False
Hmong Njua,hnj,True,False,Lao,Laoo,True,False
Ho,hoc,True,False,Devanagari,Deva,True,False
Ho,hoc,True,False,Varang Kshiti,Wara,False,False
Hopi,hop,True,False,Latin,Latn,True,False
Hungarian,hu,True,True,Latin,Latn,True,False
Hupa,hup,True,False,Latin,Latn,True,False
Iban,iba,True,False,Latin,Latn,True,False
Ibibio,ibb,True,False,Latin,Latn,True,False
Icelandic,is,True,True,Latin,Latn,True,False
Ifè,ife,True,False,Latin,Latn,True,False
Igbo,ig,True,False,Latin,Latn,True,False
Iloko,ilo,True,False,Latin,Latn,True,False
Inari Sami,smn,True,False,Latin,Latn,True,False
Indonesian,id,True,True,Arabic,Arab,True,True
Indonesian,id,True,True,Latin,Latn,True,False
Indus Kohistani,mvy,True,False,Arabic,Arab,True,True
Ingrian,izh,True,False,Latin,Latn,True,False
Ingush,inh,True,False,Arabic,Arab,True,True
Ingush,inh,True,False,Cyrillic,Cyrl,True,False
Ingush,inh,True,False,Latin,Latn,True,False
Innu-aimun,moe,True,False,Latin,Latn,True,False
Interlingua,ia,False,False,Latin,Latn,True,False
Interlingue,ie,False,False,Latin,Latn,True,False
Inuktitut,iu,True,False,Latin,Latn,True,False
Inuktitut,iu,True,False,Unified Canadian Aboriginal Syllabics,Cans,True,False
Inupiaq,ik,True,False,Latin,Latn,True,False
Irish,ga,True,True,Latin,Latn,True,False
Italian,it,True,True,Latin,Latn,True,False
Jamaican Creole English,jam,True,False,Latin,Latn,True,False
Japanese,ja,True,True,Japanese,Jpan,True,False
Javanese,jv,True,False,Javanese,Java,True,False
Javanese,jv,True,False,Latin,Latn,True,False
Jenaama Bozo,bze,True,False,Latin,Latn,True,False
Jju,kaj,True,False,Latin,Latn,True,False
Jola-Fonyi,dyo,True,False,Arabic,Arab,True,True
Jola-Fonyi,dyo,True,False,Latin,Latn,True,False
Judeo-Arabic,jrb,True,False,Hebrew,Hebr,True,True
Judeo-Persian,jpr,True,False,Hebrew,Hebr,True,True
Jumli,jml,True,False,Devanagari,Deva,True,False
Jutish,jut,False,False,Latin,Latn,True,False
Kabardian,kbd,True,False,Cyrillic,Cyrl,True,False
Kabuverdianu,kea,True,False,Latin,Latn,True,False
Kabyle,kab,True,False,Latin,Latn,True,False
Kachhi,kfr,True,False,Devanagari,Deva,True,False
Kachi Koli,gjk,True,False,Arabic,Arab,True,True
Kachin,kac,True,False,Latin,Latn,True,False
Kaingang,kgp,True,False,Latin,Latn,True,False
Kako,kkj,True,False,Latin,Latn,True,False
Kalaallisut,kl,True,True,Latin,Latn,True,False
Kalanga,kck,True,False,Latin,Latn,True,False
Kalenjin,kln,True,False,Latin,Latn,True,False
Kalmyk,xal,True,False,Cyrillic,Cyrl,True,False
Kalo Finnish Romani,rmf,True,False,Latin,Latn,True,False
Kamba,kam,True,False,Latin,Latn,True,False
Kanauji,bjj,True,False,Devanagari,Deva,True,False
Kanembu,kbl,True,True,Unknown Script,Zzzz,True,False
Kangri,xnr,True,False,Devanagari,Deva,True,False
Kannada,kn,True,False,Kannada,Knda,True,False
Kanuri,kr,True,False,Latin,Latn,True,False
Kara-Kalpak,kaa,True,False,Cyrillic,Cyrl,True,False
Karachay-Balkar,krc,True,False,Cyrillic,Cyrl,True,False
Karelian,krl,True,False,Latin,Latn,True,False
Kashmiri,ks,True,False,Arabic,Arab,True,True
Kashmiri,ks,True,False,Devanagari,Deva,True,False
Kashubian,csb,True,False,Latin,Latn,True,False
Kathoriya Tharu,tkt,True,False,Devanagari,Deva,True,False
Kazakh,kk,True,True,Arabic,Arab,True,True
Kazakh,kk,True,True,Cyrillic,Cyrl,True,False
Kenyang,ken,True,True,Unknown Script,Zzzz,True,False
Kerinci,kvr,True,False,Latin,Latn,True,False
Kɛlɛngaxo Bozo,bzx,True,False,Latin,Latn,True,False
Khakas,kjh,True,False,Cyrillic,Cyrl,True,False
Khamti,kht,True,False,Myanmar,Mymr,True,False
Khandesi,khn,True,False,Devanagari,Deva,True,False
Khanty,kca,True,False,Cyrillic,Cyrl,True,False
Khasi,kha,True,False,Bangla,Beng,True,False
Khasi,kha,True,False,Latin,Latn,True,False
Khmer,km,True,True,Khmer,Khmr,True,False
Khmu,kjg,True,False,Lao,Laoo,True,False
Khmu,kjg,True,False,Latin,Latn,True,False
Khowar,khw,True,False,Arabic,Arab,True,True
Kikuyu,ki,True,False,Latin,Latn,True,False
Kimbundu,kmb,True,False,Latin,Latn,True,False
Kinaray-a,krj,True,False,Latin,Latn,True,False
Kinyarwanda,rw,True,True,Latin,Latn,True,False
Kirmanjki,kiu,True,False,Latin,Latn,True,False
Kita Maninkakan,mwk,True,False,Latin,Latn,True,False
Kochila Tharu,thq,True,False,Devanagari,Deva,True,False
Kom,bkm,True,False,Latin,Latn,True,False
Komering,kge,True,False,Latin,Latn,True,False
Komi,kv,True,False,Cyrillic,Cyrl,True,False
Komi,kv,True,False,Old Permic,Perm,False,False
Komi-Permyak,koi,True,False,Cyrillic,Cyrl,True,False
Kongo,kg,True,False,Latin,Latn,True,False
Konkani,kok,True,False,Devanagari,Deva,True,False
Korean,ko,True,True,Korean,Kore,True,False
Koro,kfo,True,False,Latin,Latn,True,False
Koro Wachi,bqv,True,False,Latin,Latn,True,False
Koryak,kpy,True,False,Cyrillic,Cyrl,True,False
Kosraean,kos,True,False,Latin,Latn,True,False
Kotava,avk,False,False,Latin,Latn,True,False
Koyra Chiini,khq,True,False,Latin,Latn,True,False
Koyraboro Senni,ses,True,False,Latin,Latn,True,False
Kpelle,kpe,True,False,Latin,Latn,True,False
Krio,kri,True,False,Latin,Latn,True,False
Kuanyama,kj,True,False,Latin,Latn,True,False
Kumaoni,kfy,True,False,Devanagari,Deva,True,False
Kumyk,kum,True,False,Cyrillic,Cyrl,True,False
Kurdish,ku,True,False,Arabic,Arab,True,True
Kurdish,ku,True,False,Cyrillic,Cyrl,True,False
Kurdish,ku,True,False,Latin,Latn,True,False
Kurukh,kru,True,False,Devanagari,Deva,True,False
Kutenai,kut,True,False,Latin,Latn,True,False
Kuvi,kxv,True,False,Devanagari,Deva,True,False
Kuvi,kxv,True,False,Latin,Latn,True,False
Kuvi,kxv,True,False,Odia,Orya,True,False
Kuvi,kxv,True,False,Telugu,Telu,True,False
Kuy,kdt,True,False,Thai,Thai,True,False
Kwakʼwala,kwk,True,False,Latin,Latn,True,False
Kwasio,nmg,True,False,Latin,Latn,True,False
Kyrgyz,ky,True,True,Arabic,Arab,True,True
Kyrgyz,ky,True,True,Cyrillic,Cyrl,True,False
Kyrgyz,ky,True,True,Latin,Latn,True,False
Kʼicheʼ,quc,True,False,Latin,Latn,True,False
Ladino,lad,True,False,Hebrew,Hebr,True,True
Lak,lbe,True,False,Cyrillic,Cyrl,True,False
Laki,lki,True,False,Arabic,Arab,True,True
Lakota,lkt,True,False,Latin,Latn,True,False
Lamba,lam,True,False,Latin,Latn,True,False
Lambadi,lmn,True,False,Telugu,Telu,True,False
Lampung Api,ljp,True,False,Latin,Latn,True,False
Langi,lag,True,False,Latin,Latn,True,False
Lango (Uganda),laj,True,False,Latin,Latn,True,False
Lao,lo,True,True,Lao,Laoo,True,False
Large Flowery Miao,hmd,True,False,Pollard Phonetic,Plrd,True,False
Latgalian,ltg,True,False,Latin,Latn,True,False
Latin,la,False,False,Latin,Latn,True,False
Latvian,lv,True,True,Latin,Latn,True,False
Laz,lzz,True,False,Georgian,Geor,True,False
Laz,lzz,True,False,Latin,Latn,True,False
Lepcha,lep,True,False,Lepcha,Lepc,True,False
Levantine Arabic,apc,True,True,Unknown Script,Zzzz,True,False
Lezghian,lez,True,False,Cyrillic,Cyrl,True,False
Lezghian,lez,True,False,Caucasian Albanian,Aghb,False,False
Ligurian,lij,True,False,Latin,Latn,True,False
Lillooet,lil,True,False,Latin,Latn,True,False
Limbu,lif,True,False,Devanagari,Deva,True,False
Limbu,lif,True,False,Limbu,Limb,True,False
Limburgish,li,True,False,Latin,Latn,True,False
Linear A,lab,False,False,Linear A,Lina,False,False
Lingala,ln,True,False,Latin,Latn,True,False
Lingua Franca Nova,lfn,False,False,Cyrillic,Cyrl,True,False
Lingua Franca Nova,lfn,False,False,Latin,Latn,True,False
Lisu,lis,True,False,Fraser,Lisu,True,False
Literary Chinese,lzh,False,False,Simplified,Hans,True,False
Lithuanian,lt,True,True,Latin,Latn,True,False
Livonian,liv,True,False,Latin,Latn,True,False
Lombard,lmo,True,False,Latin,Latn,True,False
Lomwe,ngl,True,False,Latin,Latn,True,False
Louisiana Creole,lou,True,True,Unknown Script,Zzzz,True,False
Low German,nds,True,False,Latin,Latn,True,False
Lower Silesian,sli,True,False,Latin,Latn,True,False
Lower Sorbian,dsb,True,False,Latin,Latn,True,False
Lozi,loz,True,False,Latin,Latn,True,False
Lü,khb,True,False,New Tai Lue,Talu,True,False
Luba-Katanga,lu,True,False,Latin,Latn,True,False
Luba-Lulua,lua,True,False,Latin,Latn,True,False
Luiseno,lui,False,False,Latin,Latn,True,False
Lule Sami,smj,True,False,Latin,Latn,True,False
Lunda,lun,True,False,Latin,Latn,True,False
Luo,luo,True,False,Latin,Latn,True,False
Lushootseed,lut,True,False,Latin,Latn,True,False
Luxembourgish,lb,True,True,Latin,Latn,True,False
Luyia,luy,True,False,Latin,Latn,True,False
Lycian,xlc,False,False,Lycian,Lyci,False,False
Lydian,xld,False,False,Lydian,Lydi,False,True
Maasina Fulfulde,ffm,True,False,Latin,Latn,True,False
Maba,mde,True,True,Unknown Script,Zzzz,True,False
Macedonian,mk,True,True,Cyrillic,Cyrl,True,False
Machame,jmc,True,False,Latin,Latn,True,False
Madurese,mad,True,False,Latin,Latn,True,False
Mafa,maf,True,False,Latin,Latn,True,False
Magahi,mag,True,False,Devanagari,Deva,True,False
Maguindanaon,mdh,True,False,Latin,Latn,True,False
Main-Franconian,vmf,True,False,Latin,Latn,True,False
Maithili,mai,True,False,Devanagari,Deva,True,False
Maithili,mai,True,False,Tirhuta,Tirh,False,False
Makasar,mak,True,False,Latin,Latn,True,False
Makasar,mak,True,False,Buginese,Bugi,False,False
Makhuwa,vmw,True,False,Latin,Latn,True,False
Makhuwa-Meetto,mgh,True,False,Latin,Latn,True,False
Makonde,kde,True,False,Latin,Latn,True,False
Malagasy,mg,True,True,Latin,Latn,True,False
Malay,ms,True,True,Arabic,Arab,True,True
Malay,ms,True,True,Latin,Latn,True,False
Malayalam,ml,True,False,Malayalam,Mlym,True,False
Maliseet-Passamaquoddy,pqm,True,False,Latin,Latn,True,False
Maltese,mt,True,True,Latin,Latn,True,False
Manchu,mnc,True,False,Mongolian,Mong,False,False
Mandar,mdr,True,False,Latin,Latn,True,False
Mandar,mdr,True,False,Buginese,Bugi,False,False
Mandingo,man,True,False,Latin,Latn,True,False
Mandingo,man,True,False,N’Ko,Nkoo,True,True
Manichaean Middle Persian,xmn,False,False,Manichaean,Mani,False,False
Manipuri,mni,True,False,Bangla,Beng,True,False
Manipuri,mni,True,False,Meitei Mayek,Mtei,True,False
Mansi,mns,True,False,Cyrillic,Cyrl,True,False
Manx,gv,True,True,Latin,Latn,True,False
Manyika,mxc,True,False,Latin,Latn,True,False
Māori,mi,True,True,Latin,Latn,True,False
Mapuche,arn,True,False,Latin,Latn,True,False
Marathi,mr,True,False,Devanagari,Deva,True,False
Marathi,mr,True,False,Modi,Modi,False,False
Mari,chm,True,False,Cyrillic,Cyrl,True,False
Marshallese,mh,True,True,Latin,Latn,True,False
Marwari,mwr,True,False,Devanagari,Deva,True,False
Masaaba,myx,True,False,Latin,Latn,True,False
Masai,mas,True,False,Latin,Latn,True,False
Masalit,mls,True,False,Latin,Latn,True,False
Mazanderani,mzn,True,False,Arabic,Arab,True,True
Mbere,mdt,True,False,Latin,Latn,True,False
Mbunga,mgy,True,False,Latin,Latn,True,False
Medumba,byv,True,False,Latin,Latn,True,False
Mende,men,True,False,Latin,Latn,True,False
Mende,men,True,False,Mende,Mend,False,True
Mentawai,mwv,True,False,Latin,Latn,True,False
Meroitic,xmr,False,False,Meroitic Cursive,Merc,False,False
Meru,mer,True,False,Latin,Latn,True,False
Metaʼ,mgo,True,False,Latin,Latn,True,False
Mewari,mtr,True,False,Devanagari,Deva,True,False
Mewati,wtm,True,False,Devanagari,Deva,True,False
Mi'kmaw,mic,True,False,Latin,Latn,True,False
Michif,crg,True,False,Latin,Latn,True,False
Middle Dutch,dum,False,False,Latin,Latn,True,False
Middle English,enm,False,False,Latin,Latn,True,False
Middle French,frm,False,False,Latin,Latn,True,False
Middle High German,gmh,False,False,Latin,Latn,True,False
Min Nan Chinese,nan,True,False,Simplified,Hans,True,False
Minangkabau,min,True,False,Latin,Latn,True,False
Mingrelian,xmf,True,False,Georgian,Geor,True,False
Mirandese,mwl,True,False,Latin,Latn,True,False
Mizo,lus,True,False,Bangla,Beng,True,False
Mohawk,moh,True,False,Latin,Latn,True,False
Moksha,mdf,True,False,Cyrillic,Cyrl,True,False
Mon,mnw,True,False,Myanmar,Mymr,True,False
Mongo,lol,True,False,Latin,Latn,True,False
Mongolian,mn,True,True,Cyrillic,Cyrl,True,False
Mongolian,mn,True,True,Mongolian,Mong,False,False
Mongolian,mn,True,True,Phags-pa,Phag,True,False
Moose Cree,crm,True,False,Unified Canadian Aboriginal Syllabics,Cans,True,False
Morisyen,mfe,True,False,Latin,Latn,True,False
Moroccan Arabic,ary,True,False,Arabic,Arab,True,True
Mossi,mos,True,False,Latin,Latn,True,False
Mru,mro,True,False,Latin,Latn,True,False
Mru,mro,True,False,Mro,Mroo,False,False
Munda,unx,True,False,Bangla,Beng,True,False
Munda,unx,True,False,Devanagari,Deva,True,False
Mundang,mua,True,False,Latin,Latn,True,False
Mundari,unr,True,False,Bangla,Beng,True,False
Mundari,unr,True,False,Devanagari,Deva,True,False
Muscogee,mus,True,False,Latin,Latn,True,False
Muslim Tat,ttt,True,False,Arabic,Arab,True,True
Muslim Tat,ttt,True,False,Cyrillic,Cyrl,True,False
Muslim Tat,ttt,True,False,Latin,Latn,True,False
Myene,mye,True,True,Unknown Script,Zzzz,True,False
N’Ko,nqo,True,False,N’Ko,Nkoo,True,True
Najdi Arabic,ars,True,False,Arabic,Arab,True,True
Nama,naq,True,False,Latin,Latn,True,False
Nanai,gld,True,False,Cyrillic,Cyrl,True,False
Naskapi,nsk,True,False,Latin,Latn,True,False
Naskapi,nsk,True,False,Unified Canadian Aboriginal Syllabics,Cans,True,False
Nauru,na,True,True,Latin,Latn,True,False
Navajo,nv,True,False,Latin,Latn,True,False
Naxi,nxq,True,False,Latin,Latn,True,False
Ndau,ndc,True,False,Latin,Latn,True,False
Ndonga,ng,True,False,Latin,Latn,True,False
Ndzwani Comorian,wni,True,True,Arabic,Arab,True,True
Neapolitan,nap,True,False,Latin,Latn,True,False
Negeri Sembilan Malay,zmi,True,False,Latin,Latn,True,False
Nenets,yrk,True,False,Cyrillic,Cyrl,True,False
Nepali,ne,True,True,Devanagari,Deva,True,False
Newari,new,True,False,Devanagari,Deva,True,False
Ngaju,nij,True,False,Latin,Latn,True,False
Ngambay,sba,True,True,Unknown Script,Zzzz,True,False
Ngazidja Comorian,zdj,True,True,Arabic,Arab,True,True
Ngiemboon,nnh,True,False,Latin,Latn,True,False
Ngomba,jgo,True,False,Latin,Latn,True,False
Nheengatu,yrl,True,False,Latin,Latn,True,False
Nias,nia,True,False,Latin,Latn,True,False
Nigerian Fulfulde,fuv,True,False,Latin,Latn,True,False
Nigerian Pidgin,pcm,True,False,Latin,Latn,True,False
Nimadi,noe,True,False,Devanagari,Deva,True,False
Niuean,niu,True,True,Latin,Latn,True,False
Nobiin,fia,True,False,Arabic,Arab,True,True
Nogai,nog,True,False,Cyrillic,Cyrl,True,False
North Ndebele,nd,True,True,Latin,Latn,True,False
North Slavey,scs,True,False,Latin,Latn,True,False
Northeastern Thai,tts,True,False,Thai,Thai,True,False
Northern East Cree,crl,True,False,Latin,Latn,True,False
Northern East Cree,crl,True,False,Unified Canadian Aboriginal Syllabics,Cans,True,False
Northern Frisian,frr,True,False,Latin,Latn,True,False
Northern Haida,hdn,True,True,Unknown Script,Zzzz,True,False
Northern Hindko,hno,True,False,Arabic,Arab,True,True
Northern Khmer,kxm,True,False,Thai,Thai,True,False
Northern Luri,lrc,True,False,Arabic,Arab,True,True
Northern Sami,se,True,False,Cyrillic,Cyrl,True,False
Northern Sami,se,True,False,Latin,Latn,True,False
Northern Sotho,nso,True,False,Latin,Latn,True,False
Northern Thai,nod,True,False,Lanna,Lana,True,False
Northern Tutchone,ttm,True,True,Unknown Script,Zzzz,True,False
Northwestern Ojibwa,ojb,True,True,Unknown Script,Zzzz,True,False
Norwegian,no,True,True,Latin,Latn,True,False
Norwegian Bokmål,nb,True,True,Latin,Latn,True,False
Norwegian Nynorsk,nn,True,True,Latin,Latn,True,False
Novial,nov,False,False,Latin,Latn,True,False
Nuer,nus,True,False,Latin,Latn,True,False
Nyamwezi,nym,True,False,Latin,Latn,True,False
Nyanja,ny,True,True,Latin,Latn,True,False
Nyankole,nyn,True,False,Latin,Latn,True,False
Nyasa Tonga,tog,True,False,Latin,Latn,True,False
Nyoro,nyo,True,False,Latin,Latn,True,False
Nzima,nzi,True,False,Latin,Latn,True,False
Obolo,ann,True,False,Latin,Latn,True,False
Occitan,oc,True,False,Latin,Latn,True,False
Odia,or,True,False,Odia,Orya,True,False
Oji-Cree,ojs,True,False,Unified Canadian Aboriginal Syllabics,Cans,True,False
Ojibwa,oj,True,False,Latin,Latn,True,False
Ojibwa,oj,True,False,Unified Canadian Aboriginal Syllabics,Cans,True,False
Okanagan,oka,True,False,Latin,Latn,True,False
Old English,ang,False,False,Latin,Latn,True,False
Old French,fro,False,False,Latin,Latn,True,False
Old High German,goh,False,False,Latin,Latn,True,False
Old Irish,sga,False,False,Latin,Latn,True,False
Old Irish,sga,False,False,Ogham,Ogam,False,False
Old Norse,non,False,False,Runic,Runr,False,False
Old Persian,peo,False,False,Old Persian,Xpeo,False,False
Old Provençal,pro,False,False,Latin,Latn,True,False
Old Turkish,otk,False,False,Orkhon,Orkh,False,False
Oromo,om,True,False,Ethiopic,Ethi,True,False
Oromo,om,True,False,Latin,Latn,True,False
Osage,osa,True,False,Latin,Latn,True,False
Osage,osa,True,False,Osage,Osge,True,False
Oscan,osc,False,False,Latin,Latn,True,False
Oscan,osc,False,False,Old Italic,Ital,False,True
Ossetic,os,True,False,Cyrillic,Cyrl,True,False
Pahlavi,pal,False,False,Inscriptional Pahlavi,Phli,False,True
Pahlavi,pal,False,False,Psalter Pahlavi,Phlp,True,False
Palatine German,pfl,True,False,Latin,Latn,True,False
Palauan,pau,True,True,Latin,Latn,True,False
Pali,pi,False,False,Devanagari,Deva,True,False
Pali,pi,False,False,Sinhala,Sinh,True,False
Pali,pi,False,False,Thai,Thai,True,False
Pampanga,pam,True,False,Latin,Latn,True,False
Pangasinan,pag,True,False,Latin,Latn,True,False
Papiamento,pap,True,True,Latin,Latn,True,False
Parkari Koli,kvx,True,False,Arabic,Arab,True,True
Parsi-Dari,prd,True,False,Arabic,Arab,True,True
Parthian,xpr,False,False,Inscriptional Parthian,Prti,False,True
Pashto,ps,True,True,Arabic,Arab,True,True
Pattani Malay,mfa,True,False,Arabic,Arab,True,True
Pennsylvania German,pdc,True,False,Latin,Latn,True,False
Persian,fa,True,True,Arabic,Arab,True,True
Phoenician,phn,False,False,Phoenician,Phnx,False,True
Picard,pcd,True,False,Latin,Latn,True,False
Piedmontese,pms,True,False,Latin,Latn,True,False
Pijin,pis,True,False,Latin,Latn,True,False
Plains Cree,crk,True,False,Unified Canadian Aboriginal Syllabics,Cans,True,False
Plautdietsch,pdt,True,False,Latin,Latn,True,False
Pohnpeian,pon,True,False,Latin,Latn,True,False
Pökoot,pko,True,False,Latin,Latn,True,False
Polish,pl,True,True,Latin,Latn,True,False
Pontic,pnt,True,False,Cyrillic,Cyrl,True,False
Pontic,pnt,True,False,Greek,Grek,True,False
Pontic,pnt,True,False,Latin,Latn,True,False
Portuguese,pt,True,True,Latin,Latn,True,False
Prussian,prg,True,False,Latin,Latn,True,False
Punjabi,pa,True,False,Arabic,Arab,True,True
Punjabi,pa,True,False,Gurmukhi,Guru,True,False
Punu,puu,True,False,Latin,Latn,True,False
Quechua,qu,True,True,Latin,Latn,True,False
Rajasthani,raj,True,False,Devanagari,Deva,True,False
Rajbanshi,rjs,True,False,Devanagari,Deva,True,False
Rana Tharu,thr,True,False,Devanagari,Deva,True,False
Rangpuri,rkt,True,False,Bangla,Beng,True,False
Rapanui,rap,True,False,Latin,Latn,True,False
Rarotongan,rar,True,False,Latin,Latn,True,False
Rejang,rej,True,False,Latin,Latn,True,False
Rejang,rej,True,False,Rejang,Rjng,False,False
Réunion Creole French,rcf,True,False,Latin,Latn,True,False
Riang (India),ria,True,False,Latin,Latn,True,False
Riffian,rif,True,False,Latin,Latn,True,False
Riffian,rif,True,False,Tifinagh,Tfng,True,True
Rinconada Bikol,bto,True,False,Latin,Latn,True,False
Rohingya,rhg,True,False,Arabic,Arab,True,True
Rohingya,rhg,True,False,Hanifi,Rohg,True,True
Rohingya,rhg,True,False,Latin,Latn,True,False
Romagnol,rgn,True,False,Latin,Latn,True,False
Romanian,ro,True,True,Cyrillic,Cyrl,True,False
Romanian,ro,True,True,Latin,Latn,True,False
Romansh,rm,True,False,Latin,Latn,True,False
Romany,rom,True,False,Cyrillic,Cyrl,True,False
Romany,rom,True,False,Latin,Latn,True,False
Rombo,rof,True,False,Latin,Latn,True,False
Ronga,rng,True,False,Latin,Latn,True,False
Rotuman,rtm,True,False,Latin,Latn,True,False
Roviana,rug,True,False,Latin,Latn,True,False
Rundi,rn,True,True,Latin,Latn,True,False
Russian,ru,True,True,Cyrillic,Cyrl,True,False
Rusyn,rue,True,False,Cyrillic,Cyrl,True,False
Rwa,rwk,True,False,Latin,Latn,True,False
Saamia,lsm,True,True,Unknown Script,Zzzz,True,False
Sabaean,xsa,False,False,Old South Arabian,Sarb,False,True
Sadri,sck,True,False,Devanagari,Deva,True,False
Safaliba,saf,True,False,Latin,Latn,True,False
Saho,ssy,True,False,Latin,Latn,True,False
Samaritan,smp,False,False,Samaritan,Samr,False,False
Samaritan Aramaic,sam,False,False,Hebrew,Hebr,True,True
Samaritan Aramaic,sam,False,False,Samaritan,Samr,False,False
Samburu,saq,True,False,Latin,Latn,True,False
Samoan,sm,True,True,Latin,Latn,True,False
Samogitian,sgs,True,False,Latin,Latn,True,False
Sandawe,sad,True,False,Latin,Latn,True,False
Sangir,sxn,True,False,Latin,Latn,True,False
Sango,sg,True,True,Latin,Latn,True,False
Sangu,sbp,True,False,Latin,Latn,True,False
Sanskrit,sa,False,False,Devanagari,Deva,True,False
Sanskrit,sa,False,False,Sinhala,Sinh,True,False
Sanskrit,sa,False,False,Grantha,Gran,False,False
Sanskrit,sa,False,False,Sharada,Shrd,True,False
Sanskrit,sa,False,False,Siddham,Sidd,True,False
Santali,sat,True,False,Bangla,Beng,True,False
Santali,sat,True,False,Devanagari,Deva,True,False
Santali,sat,True,False,Latin,Latn,True,False
Santali,sat,True,False,Odia,Orya,True,False
Santali,sat,True,False,Ol Chiki,Olck,True,False
Saraiki,skr,True,False,Arabic,Arab,True,True
Sardinian,sc,True,False,Latin,Latn,True,False
Sasak,sas,True,False,Latin,Latn,True,False
Sassarese Sardinian,sdc,True,False,Latin,Latn,True,False
Saterland Frisian,stq,True,False,Latin,Latn,True,False
Saurashtra,saz,True,False,Saurashtra,Saur,True,False
Scots,sco,True,False,Latin,Latn,True,False
Scottish Gaelic,gd,True,False,Latin,Latn,True,False
Seki,syi,True,False,Latin,Latn,True,False
Selayar,sly,True,False,Latin,Latn,True,False
Selkup,sel,True,False,Cyrillic,Cyrl,True,False
Sena,seh,True,False,Latin,Latn,True,False
Seneca,see,True,False,Latin,Latn,True,False
Serbian,sr,True,True,Cyrillic,Cyrl,True,False
Serbian,sr,True,True,Latin,Latn,True,False
Serbo-Croatian,sh,True,True,Unknown Script,Zzzz,True,False
Serer,srr,True,False,Latin,Latn,True,False
Seri,sei,True,False,Latin,Latn,True,False
Seselwa Creole French,crs,True,False,Latin,Latn,True,False
Shambala,ksb,True,False,Latin,Latn,True,False
Shan,shn,True,False,Myanmar,Mymr,True,False
Shekhawati,swv,True,False,Devanagari,Deva,True,False
Sherpa,xsr,True,False,Devanagari,Deva,True,False
Shona,sn,True,True,Latin,Latn,True,False
Shor,cjs,True,False,Cyrillic,Cyrl,True,False
Sichuan Yi,ii,True,False,Latin,Latn,True,False
Sichuan Yi,ii,True,False,Yi,Yiii,True,False
Sicilian,scn,True,False,Latin,Latn,True,False
Sidamo,sid,True,False,Latin,Latn,True,False
Siksiká,bla,True,False,Latin,Latn,True,False
Silesian,szl,True,False,Latin,Latn,True,False
Sindhi,sd,True,False,Arabic,Arab,True,True
Sindhi,sd,True,False,Devanagari,Deva,True,False
Sindhi,sd,True,False,Khojki,Khoj,False,False
Sindhi,sd,True,False,Khudawadi,Sind,True,False
Sinhala,si,True,True,Sinhala,Sinh,True,False
Sinte Romani,rmo,True,False,Latin,Latn,True,False
Sirmauri,srx,True,False,Devanagari,Deva,True,False
Skolt Sami,sms,True,False,Latin,Latn,True,False
Slave,den,True,False,Latin,Latn,True,False
Slave,den,True,False,Unified Canadian Aboriginal Syllabics,Cans,True,False
Slovak,sk,True,True,Latin,Latn,True,False
Slovenian,sl,True,True,Latin,Latn,True,False
Soga,xog,True,False,Latin,Latn,True,False
Somali,so,True,True,Arabic,Arab,True,True
Somali,so,True,True,Latin,Latn,True,False
Somali,so,True,True,Osmanya,Osma,False,False
Soninke,snk,True,False,Latin,Latn,True,False
Sora,srb,True,False,Latin,Latn,True,False
Sora,srb,True,False,Sora Sompeng,Sora,False,False
South Ndebele,nr,True,False,Latin,Latn,True,False
Southern Altai,alt,True,False,Cyrillic,Cyrl,True,False
Southern East Cree,crj,True,False,Latin,Latn,True,False
Southern East Cree,crj,True,False,Unified Canadian Aboriginal Syllabics,Cans,True,False
Southern Haida,hax,True,True,Unknown Script,Zzzz,True,False
Southern Hindko,hnd,True,False,Arabic,Arab,True,True
Southern Kurdish,sdh,True,False,Arabic,Arab,True,True
Southern Luri,luz,True,False,Arabic,Arab,True,True
Southern Lushootseed,slh,True,True,Unknown Script,Zzzz,True,False
Southern Sami,sma,True,False,Latin,Latn,True,False
Southern Sotho,st,True,True,Latin,Latn,True,False
Southern Thai,sou,True,False,Thai,Thai,True,False
Southern Tutchone,tce,True,True,Unknown Script,Zzzz,True,False
Spanish,es,True,True,Latin,Latn,True,False
Sranan Tongo,srn,True,False,Latin,Latn,True,False
Standard Moroccan Tamazight,zgh,True,False,Tifinagh,Tfng,True,True
Straits Salish,str,True,True,Unknown Script,Zzzz,True,False
Sukuma,suk,True,False,Latin,Latn,True,False
Sundanese,su,True,False,Latin,Latn,True,False
Sundanese,su,True,False,Sundanese,Sund,True,False
Susu,sus,True,False,Arabic,Arab,True,True
Susu,sus,True,False,Latin,Latn,True,False
Swabian,swg,True,False,Latin,Latn,True,False
Swahili,sw,True,True,Latin,Latn,True,False
Swampy Cree,csw,True,False,Unified Canadian Aboriginal Syllabics,Cans,True,False
Swati,ss,True,True,Latin,Latn,True,False
Swedish,sv,True,True,Latin,Latn,True,False
Swiss German,gsw,True,True,Latin,Latn,True,False
Sylheti,syl,True,False,Bangla,Beng,True,False
Sylheti,syl,True,False,Syloti Nagri,Sylo,True,False
Syriac,syr,True,False,Syriac,Syrc,True,True
Tabassaran,tab,True,False,Cyrillic,Cyrl,True,False
Tachelhit,shi,True,False,Arabic,Arab,True,True
Tachelhit,shi,True,False,Latin,Latn,True,False
Tachelhit,shi,True,False,Tifinagh,Tfng,True,True
Tae',rob,True,False,Latin,Latn,True,False
Tagalog,tl,True,True,Unknown Script,Zzzz,True,False
Tagbanwa,tbw,True,False,Latin,Latn,True,False
Tagbanwa,tbw,True,False,Tagbanwa,Tagb,False,False
Tagish,tgx,True,True,Unknown Script,Zzzz,True,False
Tahitian,ty,True,True,Latin,Latn,True,False
Tahltan,tht,True,True,Unknown Script,Zzzz,True,False
Tai Dam,blt,True,False,Tai Viet,Tavt,True,False
Tai Nüa,tdd,True,False,Tai Le,Tale,True,False
Taita,dav,True,False,Latin,Latn,True,False
Tajik,tg,True,True,Arabic,Arab,True,True
Tajik,tg,True,True,Cyrillic,Cyrl,True,False
Tajik,tg,True,True,Latin,Latn,True,False
Talysh,tly,True,False,Arabic,Arab,True,True
Talysh,tly,True,False,Cyrillic,Cyrl,True,False
Talysh,tly,True,False,Latin,Latn,True,False
Tamashek,tmh,True,False,Latin,Latn,True,False
Tamil,ta,True,True,Tamil,Taml,True,False
Taroko,trv,True,False,Latin,Latn,True,False
Tasawaq,twq,True,False,Latin,Latn,True,False
Tatar,tt,True,False,Cyrillic,Cyrl,True,False
Tausug,tsg,True,False,Latin,Latn,True,False
Tavringer Romani,rmu,True,False,Latin,Latn,True,False
Tedim Chin,ctd,True,False,Latin,Latn,True,False
Telugu,te,True,False,Telugu,Telu,True,False
Tereno,ter,True,False,Latin,Latn,True,False
Teso,teo,True,False,Latin,Latn,True,False
Tetum,tet,True,True,Latin,Latn,True,False
Thai,th,True,True,Thai,Thai,True,False
Thulung,tdh,True,False,Devanagari,Deva,True,False
Tibetan,bo,True,False,Tibetan,Tibt,True,False
Tigre,tig,True,False,Ethiopic,Ethi,True,False
Tigrinya,ti,True,True,Ethiopic,Ethi,True,False
Timne,tem,True,False,Latin,Latn,True,False
Tiv,tiv,True,False,Latin,Latn,True,False
Tlingit,tli,True,False,Latin,Latn,True,False
Tok Pisin,tpi,True,True,Latin,Latn,True,False
Tokelau,tkl,True,True,Latin,Latn,True,False
Toki Pona,tok,False,False,Latin,Latn,True,False
Tolaki,lbw,True,False,Latin,Latn,True,False
Tomo Kan Dogon,dtm,True,False,Latin,Latn,True,False
Tongan,to,True,True,Latin,Latn,True,False
Tooro,ttj,True,False,Latin,Latn,True,False
Tornedalen Finnish,fit,True,False,Latin,Latn,True,False
Torwali,trw,True,False,Arabic,Arab,True,True
Tsakhur,tkr,True,False,Cyrillic,Cyrl,True,False
Tsakhur,tkr,True,False,Latin,Latn,True,False
Tsakonian,tsd,True,False,Greek,Grek,True,False
Tshangla,tsj,True,False,Tibetan,Tibt,True,False
Tsimshian,tsi,True,False,Latin,Latn,True,False
Tsonga,ts,True,False,Latin,Latn,True,False
Tswana,tn,True,True,Latin,Latn,True,False
Tulu,tcy,True,False,Kannada,Knda,True,False
Tumbuka,tum,True,False,Latin,Latn,True,False
Tunisian Arabic,aeb,True,False,Arabic,Arab,True,True
Turkish,tr,True,True,Arabic,Arab,True,True
Turkish,tr,True,True,Latin,Latn,True,False
Turkmen,tk,True,True,Arabic,Arab,True,True
Turkmen,tk,True,True,Cyrillic,Cyrl,True,False
Turkmen,tk,True,True,Latin,Latn,True,False
Turoyo,tru,True,False,Latin,Latn,True,False
Turoyo,tru,True,False,Syriac,Syrc,True,True
Tuvalu,tvl,True,True,Latin,Latn,True,False
Tuvinian,tyv,True,False,Cyrillic,Cyrl,True,False
Twi,tw,True,True,Unknown Script,Zzzz,True,False
Tyap,kcg,True,False,Latin,Latn,True,False
Uab Meto,aoz,True,False,Latin,Latn,True,False
Udihe,ude,True,False,Cyrillic,Cyrl,True,False
Udmurt,udm,True,False,Cyrillic,Cyrl,True,False
Udmurt,udm,True,False,Latin,Latn,True,False
Ugaritic,uga,False,False,Ugaritic,Ugar,False,False
Ukrainian,uk,True,True,Cyrillic,Cyrl,True,False
Ulithian,uli,True,False,Latin,Latn,True,False
Umbrian,xum,False,False,Latin,Latn,True,False
Umbrian,xum,False,False,Old Italic,Ital,False,True
Umbundu,umb,True,False,Latin,Latn,True,False
Unknown language,und,True,True,Gunjala Gondi,Gong,True,False
Unknown language,und,True,True,Hangul,Hang,True,False
Unknown language,und,True,True,Inherited,Zinh,True,False
Unknown language,und,True,True,Newa,Newa,True,False
Unknown language,und,True,True,Nyiakeng Puachue Hmong,Hmnp,True,False
Unknown language,und,True,True,Wancho,Wcho,True,False
Unknown language,und,True,True,Ahom,Ahom,False,False
Unknown language,und,True,True,Anatolian Hieroglyphs,Hluw,True,False
Unknown language,und,True,True,Bassa Vah,Bass,True,False
Unknown language,und,True,True,Bhaiksuki,Bhks,True,False
Unknown language,und,True,True,Brahmi,Brah,True,False
Unknown language,und,True,True,Chorasmian,Chrs,True,False
Unknown language,und,True,True,Cypro-Minoan,Cpmn,True,False
Unknown language,und,True,True,Dives Akuru,Diak,True,False
Unknown language,und,True,True,Dogra,Dogr,True,False
Unknown language,und,True,True,Elymaic,Elym,True,False
Unknown language,und,True,True,Glagolitic,Glag,True,False
Unknown language,und,True,True,Hatran,Hatr,True,True
Unknown language,und,True,True,Kaithi,Kthi,True,False
Unknown language,und,True,True,Kawi,Kawi,True,False
Unknown language,und,True,True,Kharoshthi,Khar,True,True
Unknown language,und,True,True,Khitan small script,Kits,True,False
Unknown language,und,True,True,Makasar,Maka,True,False
Unknown language,und,True,True,Marchen,Marc,True,False
Unknown language,und,True,True,Masaram Gondi,Gonm,True,False
Unknown language,und,True,True,Medefaidrin,Medf,True,False
Unknown language,und,True,True,Meroitic,Mero,True,False
Unknown language,und,True,True,Multani,Mult,True,False
Unknown language,und,True,True,Nag Mundari,Nagm,True,False
Unknown language,und,True,True,Nandinagari,Nand,True,False
Unknown language,und,True,True,Nüshu,Nshu,True,False
Unknown language,und,True,True,Old Hungarian,Hung,True,True
Unknown language,und,True,True,Old Sogdian,Sogo,True,False
Unknown language,und,True,True,Old Uyghur,Ougr,True,False
Unknown language,und,True,True,Pau Cin Hau,Pauc,True,False
Unknown language,und,True,True,SignWriting,Sgnw,True,False
Unknown language,und,True,True,Sogdian,Sogd,True,True
Unknown language,und,True,True,Soyombo,Soyo,True,False
Unknown language,und,True,True,Tangsa,Tnsa,True,False
Unknown language,und,True,True,Tangut,Tang,True,False
Unknown language,und,True,True,Toto,Toto,True,False
Unknown language,und,True,True,Vithkuqi,Vith,True,False
Unknown language,und,True,True,Yezidi,Yezi,True,True
Unknown language,und,True,True,Zanabazar Square,Zanb,True,False
Upper Sorbian,hsb,True,False,Latin,Latn,True,False
Urdu,ur,True,True,Arabic,Arab,True,True
Uyghur,ug,True,False,Arabic,Arab,True,True
Uyghur,ug,True,False,Cyrillic,Cyrl,True,False
Uyghur,ug,True,False,Latin,Latn,True,False
Uzbek,uz,True,True,Arabic,Arab,True,True
Uzbek,uz,True,True,Cyrillic,Cyrl,True,False
Uzbek,uz,True,True,Latin,Latn,True,False
Vai,vai,True,False,Latin,Latn,True,False
Vai,vai,True,False,Vai,Vaii,True,False
Venda,ve,True,False,Latin,Latn,True,False
Venetian,vec,True,False,Latin,Latn,True,False
Veps,vep,True,False,Latin,Latn,True,False
Vietnamese,vi,True,True,Han,Hani,True,False
Vietnamese,vi,True,True,Latin,Latn,True,False
Virgin Islands Creole English,vic,True,False,Latin,Latn,True,False
Volapük,vo,False,False,Latin,Latn,True,False
Võro,vro,True,False,Latin,Latn,True,False
Votic,vot,True,False,Latin,Latn,True,False
Vunjo,vun,True,False,Latin,Latn,True,False
Waddar,wbq,True,False,Telugu,Telu,True,False
Wadiyara Koli,kxp,True,False,Arabic,Arab,True,True
Wagdi,wbr,True,False,Devanagari,Deva,True,False
Wallisian,wls,True,False,Latin,Latn,True,False
Walloon,wa,True,False,Latin,Latn,True,False
Walser,wae,True,False,Latin,Latn,True,False
Waray,war,True,False,Latin,Latn,True,False
Warlpiri,wbp,True,False,Latin,Latn,True,False
Washo,was,True,False,Latin,Latn,True,False
Wayuu,guc,True,False,Latin,Latn,True,False
Welsh,cy,True,False,Latin,Latn,True,False
West Flemish,vls,True,False,Latin,Latn,True,False
Western Balochi,bgn,True,False,Arabic,Arab,True,True
Western Canadian Inuktitut,ikt,True,False,Latin,Latn,True,False
Western Cham,cja,True,False,Arabic,Arab,True,True
Western Cham,cja,True,False,Cham,Cham,True,False
Western Frisian,fy,True,False,Latin,Latn,True,False
Western Huasteca Nahuatl,nhw,True,False,Latin,Latn,True,False
Western Kayah,kyu,True,False,Kayah Li,Kali,True,False
Western Lawa,lcp,True,False,Thai,Thai,True,False
Western Magar,mrd,True,False,Devanagari,Deva,True,False
Western Mari,mrj,True,False,Cyrillic,Cyrl,True,False
Western Ojibwa,ojw,True,True,Unknown Script,Zzzz,True,False
Western Panjabi,lah,True,False,Arabic,Arab,True,True
Western Tamang,tdg,True,False,Devanagari,Deva,True,False
Western Tamang,tdg,True,False,Tibetan,Tibt,True,False
Wolaytta,wal,True,False,Ethiopic,Ethi,True,False
Wolof,wo,True,True,Arabic,Arab,True,True
Wolof,wo,True,True,Latin,Latn,True,False
Woods Cree,cwd,True,True,Unknown Script,Zzzz,True,False
Wu Chinese,wuu,True,False,Simplified,Hans,True,False
Xaasongaxango,kao,True,False,Latin,Latn,True,False
Xavánte,xav,True,False,Latin,Latn,True,False
Xhosa,xh,True,False,Latin,Latn,True,False
Xiang Chinese,hsn,True,False,Simplified,Hans,True,False
Yakut,sah,True,False,Cyrillic,Cyrl,True,False
Yangben,yav,True,False,Latin,Latn,True,False
Yao,yao,True,False,Latin,Latn,True,False
Yapese,yap,True,False,Latin,Latn,True,False
Yemba,ybb,True,False,Latin,Latn,True,False
Yiddish,yi,True,False,Hebrew,Hebr,True,True
Yoruba,yo,True,True,Latin,Latn,True,False
Yucateco,yua,True,False,Latin,Latn,True,False
Zaghawa,zag,True,False,Latin,Latn,True,False
Zapotec,zap,True,False,Latin,Latn,True,False
Zarma,dje,True,False,Latin,Latn,True,False
Zaza,zza,True,False,Latin,Latn,True,False
Zeelandic,zea,True,False,Latin,Latn,True,False
Zenaga,zen,True,False,Tifinagh,Tfng,True,True
Zhuang,za,True,False,Latin,Latn,True,False
Zhuang,za,True,False,Simplified,Hans,True,False
Zoroastrian Dari,gbz,True,False,Arabic,Arab,True,True
Zulu,zu,True,False,Latin,Latn,True,False
Zuni,zun,True,False,Latin,Latn,True,False
