language_code,term_source,enmt_translated_term,language_name,coding_dh_date
aa,Public History,,Afar,2025-05-31 21:15:56
ab,Public History,,Abkhaz,2025-05-31 21:15:56
ae,Public History,,Avestan,2025-05-31 21:15:56
af,Public History,Openbare geskiedenis,Afrikaans,2025-05-31 21:15:56
ak,Public History,,Akan,2025-05-31 21:15:56
am,Public History,,Amharic,2025-05-31 21:15:56
an,Public History,,Aragonese,2025-05-31 21:15:56
ar,Public History,التاريخ العام,Arabic,2025-05-31 21:15:56
as,Public History,,Assamese,2025-05-31 21:15:56
av,Public History,,Avaric,2025-05-31 21:15:56
ay,Public History,,Aymara,2025-05-31 21:15:56
az,Public History,Keçmiş,Azerbaijani,2025-05-31 21:15:56
ba,Public History,,Bashkir,2025-05-31 21:15:56
be,Public History,,Belarusian,2025-05-31 21:15:56
bg,Public History,История,Bulgarian,2025-05-31 21:15:56
bh,Public History,,Bihari,2025-05-31 21:15:56
bi,Public History,Pablik Histri,Bislama,2025-05-31 21:15:56
bm,Public History,,Bambara,2025-05-31 21:15:56
bn,Public History,,Bengali,2025-05-31 21:15:56
bo,Public History,,Tibetan,2025-05-31 21:15:56
br,Public History,,Breton,2025-05-31 21:15:56
bs,Public History,,Bosnian,2025-05-31 21:15:56
ca,Public History,Historial públic,Catalan; Valencian,2025-05-31 21:15:56
ce,Public History,,Chechen,2025-05-31 21:15:56
ch,Public History,,Chamorro,2025-05-31 21:15:56
co,Public History,,Corsican,2025-05-31 21:15:56
cr,Public History,,Cree,2025-05-31 21:15:56
cs,Public History,Veřejná historie,Czech,2025-05-31 21:15:56
cu,Public History,,Old Church Slavonic,2025-05-31 21:15:56
cv,Public History,,Chuvash,2025-05-31 21:15:56
cy,Public History,Hanes Cyhoeddus,Welsh,2025-05-31 21:15:56
da,Public History,Offentlig historie,Danish,2025-05-31 21:15:56
de,Public History,Öffentliche Geschichte,German,2025-05-31 21:15:56
dv,Public History,,Divehi; Maldivian;,2025-05-31 21:15:56
dz,Public History,,Dzongkha,2025-05-31 21:15:56
ee,Public History,Public History,Ewe,2025-05-31 21:15:56
el,Public History,Δημόσια ιστορία,"Greek, Modern",2025-05-31 21:15:56
en,Public History,,English,2025-05-31 21:15:56
eo,Public History,Publika Historio,Esperanto,2025-05-31 21:15:56
es,Public History,Historia pública,Spanish; Castilian,2025-05-31 21:15:56
et,Public History,Avalik ajalugu,Estonian,2025-05-31 21:15:56
eu,Public History,Historia publikoa,Basque,2025-05-31 21:15:56
fa,Public History,,Persian,2025-05-31 21:15:56
ff,Public History,,Fula,2025-05-31 21:15:56
fi,Public History,Julkinen historia,Finnish,2025-05-31 21:15:56
fj,Public History,iTukutuku Lavotaki,Fijian,2025-05-31 21:15:56
fo,Public History,,Faroese,2025-05-31 21:15:56
fr,Public History,Histoire publique,French,2025-05-31 21:15:56
fy,Public History,,Western Frisian,2025-05-31 21:15:56
ga,Public History,Stair Phoiblí,Irish,2025-05-31 21:15:56
gd,Public History,,Scottish Gaelic,2025-05-31 21:15:56
gl,Public History,Historial público,Galician,2025-05-31 21:15:56
gn,Public History,,Guaraní,2025-05-31 21:15:56
gu,Public History,,Gujarati,2025-05-31 21:15:56
gv,Public History,Shennaghys erash,Manx,2025-05-31 21:15:56
ha,Public History,@ item Spelling dictionary,Hausa,2025-05-31 21:15:56
he,Public History,היסטוריה ציבורית,Hebrew (modern),2025-05-31 21:15:56
hi,Public History,सार्वजनिक इतिहास,Hindi,2025-05-31 21:15:56
ho,Public History,Taunimanima Edia Histori,Hiri Motu,2025-05-31 21:15:56
hr,Public History,,Croatian,2025-05-31 21:15:56
ht,Public History,Listwa,Haitian,2025-05-31 21:15:56
hu,Public History,"Public HistoryCity name (optional, probably does not need a translation)",Hungarian,2025-05-31 21:15:56
hy,Public History,Հանրային պատմություն,Armenian,2025-05-31 21:15:56
hz,Public History,,Herero,2025-05-31 21:15:56
ia,Public History,,Interlingua,2025-05-31 21:15:56
id,Public History,Sejarah Publik,Indonesian,2025-05-31 21:15:56
ie,Public History,,Interlingue,2025-05-31 21:15:56
ig,Public History,Akụkọ Ihe Mere Eme Ọha na Eze,Igbo,2025-05-31 21:15:56
ii,Public History,,Nuosu,2025-05-31 21:15:56
ik,Public History,,Inupiaq,2025-05-31 21:15:56
io,Public History,,Ido,2025-05-31 21:15:56
is,Public History,"Public HistoryCity name (optional, probably does not need a translation)",Icelandic,2025-05-31 21:15:56
it,Public History,Storia pubblica,Italian,2025-05-31 21:15:56
iu,Public History,,Inuktitut,2025-05-31 21:15:56
ja,Public History,,Japanese,2025-05-31 21:15:56
jv,Public History,,Javanese,2025-05-31 21:15:56
ka,Public History,,Georgian,2025-05-31 21:15:56
kg,Public History,Disolo ya Bantu Yonso,Kongo,2025-05-31 21:15:56
ki,Public History,,"Kikuyu, Gikuyu",2025-05-31 21:15:56
kj,Public History,Ondjokonona yonghalamwenyo,"Kwanyama, Kuanyama",2025-05-31 21:15:56
kk,Public History,,Kazakh,2025-05-31 21:15:56
kl,Public History,,Kalaallisut,2025-05-31 21:15:56
km,Public History,,Khmer,2025-05-31 21:15:56
kn,Public History,,Kannada,2025-05-31 21:15:56
ko,Public History,,Korean,2025-05-31 21:15:56
kr,Public History,,Kanuri,2025-05-31 21:15:56
ks,Public History,,Kashmiri,2025-05-31 21:15:56
ku,Public History,,Kurdish,2025-05-31 21:15:56
kv,Public History,,Komi,2025-05-31 21:15:56
kw,Public History,,Cornish,2025-05-31 21:15:56
ky,Public History,,"Kirghiz, Kyrgyz",2025-05-31 21:15:56
la,Public History,,Latin,2025-05-31 21:15:56
lb,Public History,,Luxembourgish,2025-05-31 21:15:56
lg,Public History,History,Luganda,2025-05-31 21:15:56
li,Public History,,Limburgish,2025-05-31 21:15:56
ln,Public History,Lisolo ya bato nyonso,Lingala,2025-05-31 21:15:56
lo,Public History,,Lao,2025-05-31 21:15:56
lt,Public History,,Lithuanian,2025-05-31 21:15:56
lu,Public History,Mānga ya Bantu,Luba-Katanga,2025-05-31 21:15:56
lv,Public History,,Latvian,2025-05-31 21:15:56
mg,Public History,Tantara ho an'ny daholobe,Malagasy,2025-05-31 21:15:56
mh,Public History,Bwebwenato ko an Bwebwenato,Marshallese,2025-05-31 21:15:56
mi,Public History,,Māori,2025-05-31 21:15:56
mk,Public History,Јавна историја,Macedonian,2025-05-31 21:15:56
ml,Public History,പൊതുചരിത്രം,Malayalam,2025-05-31 21:15:56
mn,Public History,,Mongolian,2025-05-31 21:15:56
mr,Public History,इतिहास,Marathi (Marāṭhī),2025-05-31 21:15:56
ms,Public History,,Malay,2025-05-31 21:15:56
mt,Public History,Storja Pubblika,Maltese,2025-05-31 21:15:56
my,Public History,,Burmese,2025-05-31 21:15:56
na,Public History,,Nauru,2025-05-31 21:15:56
nb,Public History,,Norwegian Bokmål,2025-05-31 21:15:56
nd,Public History,,North Ndebele,2025-05-31 21:15:56
ne,Public History,,Nepali,2025-05-31 21:15:56
ng,Public History,Ondjokonona,Ndonga,2025-05-31 21:15:56
nl,Public History,Publieke geschiedenis,Dutch,2025-05-31 21:15:56
nn,Public History,,Norwegian Nynorsk,2025-05-31 21:15:56
no,Public History,,Norwegian,2025-05-31 21:15:56
nr,Public History,,South Ndebele,2025-05-31 21:15:56
nv,Public History,,"Navajo, Navaho",2025-05-31 21:15:56
ny,Public History,Mbiri ya Anthu,Chichewa; Chewa; Nyanja,2025-05-31 21:15:56
oc,Public History,,Occitan,2025-05-31 21:15:56
oj,Public History,,"Ojibwe, Ojibwa",2025-05-31 21:15:56
om,Public History,DEEBII GAAFFII KITAABA QULQULLUU,Oromo,2025-05-31 21:15:56
or,Public History,,Oriya,2025-05-31 21:15:56
os,Public History,,"Ossetian, Ossetic",2025-05-31 21:15:56
pa,Public History,,"Panjabi, Punjabi",2025-05-31 21:15:56
pi,Public History,,Pāli,2025-05-31 21:15:56
pl,Public History,,Polish,2025-05-31 21:15:56
ps,Public History,,"Pashto, Pushto",2025-05-31 21:15:56
pt,Public History,,Portuguese,2025-05-31 21:15:56
qu,Public History,,Quechua,2025-05-31 21:15:56
rm,Public History,,Romansh,2025-05-31 21:15:56
rn,Public History,Inkuru y’ivyabaye y’icese,Kirundi,2025-05-31 21:15:56
ro,Public History,Istorie publică,"Romanian, Moldavan",2025-05-31 21:15:56
ru,Public History,Общественная история,Russian,2025-05-31 21:15:56
rw,Public History,Rusange Urutonde,Kinyarwanda,2025-05-31 21:15:56
sa,Public History,,Sanskrit (Saṁskṛta),2025-05-31 21:15:56
sc,Public History,,Sardinian,2025-05-31 21:15:56
sd,Public History,,Sindhi,2025-05-31 21:15:56
se,Public History,,Northern Sami,2025-05-31 21:15:56
sg,Public History,Mbaï ti azo,Sango,2025-05-31 21:15:56
sh,Public History,,Serbo-Crotian,2025-05-31 21:15:56
si,Public History,,"Sinhala, Sinhalese",2025-05-31 21:15:56
sk,Public History,História verejnosti,Slovak,2025-05-31 21:15:56
sl,Public History,,Slovene,2025-05-31 21:15:56
sm,Public History,Talafaasolopito i le Lautele,Samoan,2025-05-31 21:15:56
sn,Public History,Nhau Yavose,Shona,2025-05-31 21:15:56
so,Public History,,Somali,2025-05-31 21:15:56
sq,Public History,Historia publike,Albanian,2025-05-31 21:15:56
sr,Public History,,Serbian,2025-05-31 21:15:56
ss,Public History,Tikolwa Tashintja,Swati,2025-05-31 21:15:56
st,Public History,Histori ea Sechaba,Southern Sotho,2025-05-31 21:15:56
su,Public History,,Sundanese,2025-05-31 21:15:56
sv,Public History,Allmän historia,Swedish,2025-05-31 21:15:56
sw,Public History,Historia ya Umma,Swahili,2025-05-31 21:15:56
ta,Public History,,Tamil,2025-05-31 21:15:56
te,Public History,,Telugu,2025-05-31 21:15:56
tg,Public History,,Tajik,2025-05-31 21:15:56
th,Public History,,Thai,2025-05-31 21:15:56
ti,Public History,ታሪኽ,Tigrinya,2025-05-31 21:15:56
tk,Public History,,Turkmen,2025-05-31 21:15:56
tl,Public History,Kasaysayan ng Bayan,Tagalog,2025-05-31 21:15:56
tn,Public History,Hisitori ya Setšhaba,Tswana,2025-05-31 21:15:56
to,Public History,"Hisitōlia "" o e Kakaí",Tonga,2025-05-31 21:15:56
tr,Public History,,Turkish,2025-05-31 21:15:56
ts,Public History,Matimu Ya Vanhu,Tsonga,2025-05-31 21:15:56
tt,Public History,,Tatar,2025-05-31 21:15:56
tw,Public History,Ɔmanfo Abakɔsɛm,Twi,2025-05-31 21:15:56
ty,Public History,Aamu o te huiraatira,Tahitian,2025-05-31 21:15:56
ug,Public History,,"Uighur, Uyghur",2025-05-31 21:15:56
uk,Public History,Публічна історія,Ukrainian,2025-05-31 21:15:56
ur,Public History,عوامی تاریخ,Urdu,2025-05-31 21:15:56
uz,Public History,,Uzbek,2025-05-31 21:15:56
ve,Public History,,Venda,2025-05-31 21:15:56
vi,Public History,Mặc,Vietnamese,2025-05-31 21:15:56
vo,Public History,,Volapük,2025-05-31 21:15:56
wa,Public History,,Walloon,2025-05-31 21:15:56
wo,Public History,,Wolof,2025-05-31 21:15:56
xh,Public History,Imbali Kawonke-wonke,Xhosa,2025-05-31 21:15:56
yi,Public History,,Yiddish,2025-05-31 21:15:56
yo,Public History,,Yoruba,2025-05-31 21:15:56
za,Public History,,"Zhuang, Chuang",2025-05-31 21:15:56
zh,Public History,公开历史,Chinese,2025-05-31 21:15:56
zu,Public History,,Zulu,2025-05-31 21:15:56
