error_date,error_url,status_code,term_source,language_code,ollama_translated_term
2025-05-15,ollama.chat - KeyError or ValueError,400,Computational Social Science,id,
2025-05-15,ollama.chat - KeyError or ValueError,400,Computational Humanities,kr,
2025-05-15,ollama.chat - KeyError or ValueError,400,Public History,io,
2025-05-15,ollama.chat - KeyError or ValueError,400,Computational Humanities,rm,
2025-05-15,ollama.chat - KeyError or ValueError,400,Computational Humanities,cr,
2025-05-15,ollama.chat - KeyError or ValueError,400,Public History,es,
2025-05-15,ollama.chat - KeyError or ValueError,400,Computational Social Science,sh,
2025-05-15,ollama.chat - KeyError or ValueError,400,Computational Social Science,bh,
2025-05-15,ollama.chat - KeyError or ValueError,400,Digital Cultural Heritage,rm,
2025-05-15,ollama.chat - KeyError or ValueError,400,Public History,rm,
2025-05-15,ollama.chat - KeyError or ValueError,400,Humanities Data Science,qu,
2025-05-15,ollama.chat - KeyError or ValueError,400,Computational Humanities,nn,
2025-05-15,ollama.chat - KeyError or ValueError,400,Humanities Data Science,bm,
2025-05-15,ollama.chat - KeyError or ValueError,400,Computational Social Science,fy,
2025-05-15,ollama.chat - KeyError or ValueError,400,Computational Social Science,bs,
2025-05-15,ollama.chat - KeyError or ValueError,400,Humanities Data Science,ii,
2025-05-15,ollama.chat - KeyError or ValueError,400,Computational Humanities,os,
2025-05-15,ollama.chat - KeyError or ValueError,400,Computational Humanities,tg,
2025-05-15,ollama.chat - KeyError or ValueError,400,Humanities Data Science,pl,
2025-05-15,ollama.chat - KeyError or ValueError,400,Computational Social Science,iu,
2025-05-15,ollama.chat - KeyError or ValueError,400,Digital Cultural Heritage,nd,
2025-05-15,ollama.chat - KeyError or ValueError,400,Humanities Data Science,rm,
2025-05-15,ollama.chat - KeyError or ValueError,400,Computational Humanities,na,
2025-05-15,ollama.chat - KeyError or ValueError,400,Computational Humanities,eo,
2025-05-15,ollama.chat - KeyError or ValueError,400,Digital Cultural Heritage,bn,
2025-05-15,ollama.chat - KeyError or ValueError,400,Computational Humanities,ig,
2025-05-15,ollama.chat - KeyError or ValueError,400,Digital Cultural Heritage,si,
2025-05-15,ollama.chat - KeyError or ValueError,400,Public History,ka,
2025-05-15,ollama.chat - KeyError or ValueError,400,Public History,no,
2025-05-15,ollama.chat - KeyError or ValueError,400,Computational Humanities,io,
2025-05-15,ollama.chat - KeyError or ValueError,400,Computational Humanities,ae,
2025-05-15,ollama.chat - KeyError or ValueError,400,Computational Humanities,km,
2025-05-15,ollama.chat - KeyError or ValueError,400,Humanities Data Science,kr,
2025-05-15,ollama.chat - KeyError or ValueError,400,Digital Cultural Heritage,sc,
2025-05-15,ollama.chat - KeyError or ValueError,400,Digital Cultural Heritage,lv,
2025-05-15,ollama.chat - KeyError or ValueError,400,Public History,la,
2025-05-15,ollama.chat - KeyError or ValueError,400,Public History,ik,
2025-05-15,ollama.chat - KeyError or ValueError,400,Public History,dv,
2025-05-15,ollama.chat - KeyError or ValueError,400,Digital Cultural Heritage,ne,
2025-05-15,ollama.chat - KeyError or ValueError,400,Humanities Data Science,kl,
2025-05-15,ollama.chat - KeyError or ValueError,400,Public History,av,
2025-05-15,ollama.chat - KeyError or ValueError,400,Public History,hz,
2025-06-01,ollama.chat - KeyError or ValueError,400,Public History,af,
2025-06-01,ollama.chat - KeyError or ValueError,400,Public History,oc,
2025-06-01,ollama.chat - KeyError or ValueError,400,Public History,lb,
2025-06-01,ollama.chat - KeyError or ValueError,400,Public History,ku,
2025-06-01,ollama.chat - KeyError or ValueError,400,Public History,ln,
2025-06-01,ollama.chat - KeyError or ValueError,400,Computational Social Science,ik,
2025-06-01,ollama.chat - KeyError or ValueError,400,Public History,se,
2025-06-01,ollama.chat - KeyError or ValueError,400,Public History,su,
2025-06-01,ollama.chat - KeyError or ValueError,400,Humanities Data Science,se,
2025-06-01,ollama.chat - KeyError or ValueError,400,Humanities Data Science,cs,
2025-06-01,ollama.chat - KeyError or ValueError,400,Public History,sq,
2025-06-01,ollama.chat - KeyError or ValueError,400,Humanities Data Science,su,
2025-06-01,ollama.chat - KeyError or ValueError,400,Computational Social Science,ab,
2025-06-01,ollama.chat - KeyError or ValueError,400,Humanities Data Science,uk,
2025-06-01,ollama.chat - KeyError or ValueError,400,Humanities Data Science,bi,
2025-06-01,ollama.chat - KeyError or ValueError,400,Computational Social Science,zh,
2025-06-01,ollama.chat - KeyError or ValueError,400,Computational Social Science,my,
2025-06-01,ollama.chat - KeyError or ValueError,400,Computational Social Science,bi,
2025-06-01,ollama.chat - KeyError or ValueError,400,Computational Social Science,eu,
2025-06-01,ollama.chat - KeyError or ValueError,400,Computational Social Science,cv,
2025-06-01,ollama.chat - KeyError or ValueError,400,Computational Social Science,as,
2025-06-01,ollama.chat - KeyError or ValueError,400,Computational Social Science,hy,
2025-06-01,ollama.chat - KeyError or ValueError,400,Computational Social Science,hr,
2025-06-01,ollama.chat - KeyError or ValueError,400,Humanities Data Science,nb,
2025-06-01,ollama.chat - KeyError or ValueError,400,Computational Social Science,lv,
2025-06-01,ollama.chat - KeyError or ValueError,400,Computational Social Science,cs,
2025-06-01,ollama.chat - KeyError or ValueError,400,Computational Social Science,ku,
2025-06-01,ollama.chat - KeyError or ValueError,400,Humanities Data Science,az,
2025-06-01,ollama.chat - KeyError or ValueError,400,Humanities Data Science,kj,
2025-06-01,ollama.chat - KeyError or ValueError,400,Computational Social Science,la,
2025-06-01,ollama.chat - KeyError or ValueError,400,Public History,de,
2025-06-01,ollama.chat - KeyError or ValueError,400,Computational Social Science,ms,
2025-06-01,ollama.chat - KeyError or ValueError,400,Computational Social Science,sc,
2025-06-01,ollama.chat - KeyError or ValueError,400,Humanities Data Science,ug,
2025-06-01,ollama.chat - KeyError or ValueError,400,Public History,kk,
2025-06-01,ollama.chat - KeyError or ValueError,400,Computational Social Science,nl,
2025-06-01,ollama.chat - KeyError or ValueError,400,Public History,kr,
2025-06-01,ollama.chat - KeyError or ValueError,400,Computational Social Science,kn,
2025-06-01,ollama.chat - KeyError or ValueError,400,Computational Social Science,lg,
2025-06-01,ollama.chat - KeyError or ValueError,400,Humanities Data Science,ia,
2025-06-01,ollama.chat - KeyError or ValueError,400,Computational Social Science,is,
2025-06-01,ollama.chat - KeyError or ValueError,400,Computational Social Science,sq,
2025-06-01,ollama.chat - KeyError or ValueError,400,Computational Social Science,ae,
2025-06-01,ollama.chat - KeyError or ValueError,400,Computational Social Science,ky,
2025-06-01,ollama.chat - KeyError or ValueError,400,Public History,th,
2025-06-01,ollama.chat - KeyError or ValueError,400,Computational Social Science,fr,
2025-06-01,ollama.chat - KeyError or ValueError,400,Computational Social Science,ki,
2025-06-01,ollama.chat - KeyError or ValueError,400,Public History,kw,
2025-06-01,ollama.chat - KeyError or ValueError,400,Public History,yo,
2025-06-01,ollama.chat - KeyError or ValueError,400,Public History,cy,
2025-06-01,ollama.chat - KeyError or ValueError,400,Public History,uz,
2025-06-01,ollama.chat - KeyError or ValueError,400,Computational Social Science,it,
2025-06-01,ollama.chat - KeyError or ValueError,400,Computational Social Science,jv,
2025-06-01,ollama.chat - KeyError or ValueError,400,Computational Social Science,kk,
2025-06-01,ollama.chat - KeyError or ValueError,400,Computational Social Science,ht,
2025-06-01,ollama.chat - KeyError or ValueError,400,Computational Social Science,ca,
2025-06-01,ollama.chat - KeyError or ValueError,400,Computational Social Science,el,
2025-06-01,ollama.chat - KeyError or ValueError,400,Computational Social Science,da,
2025-06-01,ollama.chat - KeyError or ValueError,400,Computational Social Science,co,
2025-06-01,ollama.chat - KeyError or ValueError,400,Computational Social Science,gd,
2025-06-01,ollama.chat - KeyError or ValueError,400,Humanities Data Science,jv,
2025-06-01,ollama.chat - KeyError or ValueError,400,Computational Social Science,mn,
2025-06-01,ollama.chat - KeyError or ValueError,400,Humanities Data Science,bh,
2025-06-01,ollama.chat - KeyError or ValueError,400,Public History,fy,
2025-06-01,ollama.chat - KeyError or ValueError,400,Computational Social Science,an,
2025-06-01,ollama.chat - KeyError or ValueError,400,Public History,nd,
2025-06-01,ollama.chat - KeyError or ValueError,400,Humanities Data Science,ik,
2025-06-01,ollama.chat - KeyError or ValueError,400,Humanities Data Science,lo,
2025-06-01,ollama.chat - KeyError or ValueError,400,Public History,kv,
2025-06-01,ollama.chat - KeyError or ValueError,400,Computational Social Science,ii,
2025-06-01,ollama.chat - KeyError or ValueError,400,Public History,sc,
2025-06-01,ollama.chat - KeyError or ValueError,400,Public History,ru,
2025-06-01,ollama.chat - KeyError or ValueError,400,Public History,rn,
2025-06-01,ollama.chat - KeyError or ValueError,400,Public History,pi,
2025-06-01,ollama.chat - KeyError or ValueError,400,Public History,pa,
2025-06-01,ollama.chat - KeyError or ValueError,400,Public History,kj,
2025-06-01,ollama.chat - KeyError or ValueError,400,Public History,mg,
2025-06-01,ollama.chat - KeyError or ValueError,400,Computational Social Science,hi,
2025-06-01,ollama.chat - KeyError or ValueError,400,Computational Social Science,gn,
2025-06-01,ollama.chat - KeyError or ValueError,400,Computational Social Science,hz,
2025-06-01,ollama.chat - KeyError or ValueError,400,Computational Social Science,en,
2025-06-01,ollama.chat - KeyError or ValueError,400,Public History,ig,
2025-06-01,ollama.chat - KeyError or ValueError,400,Public History,ca,
2025-06-01,ollama.chat - KeyError or ValueError,400,Public History,cr,
2025-06-01,ollama.chat - KeyError or ValueError,400,Humanities Data Science,lb,
2025-06-01,ollama.chat - KeyError or ValueError,400,Public History,co,
2025-06-01,ollama.chat - KeyError or ValueError,400,Computational Social Science,ho,
2025-06-01,ollama.chat - KeyError or ValueError,400,Computational Social Science,kl,
2025-06-01,ollama.chat - KeyError or ValueError,400,Computational Social Science,fj,
2025-06-01,ollama.chat - KeyError or ValueError,400,Public History,az,
2025-06-01,ollama.chat - KeyError or ValueError,400,Public History,ss,
2025-06-01,ollama.chat - KeyError or ValueError,400,Computational Social Science,de,
2025-06-01,ollama.chat - KeyError or ValueError,400,Computational Social Science,ig,
2025-06-01,ollama.chat - KeyError or ValueError,400,Humanities Data Science,li,
2025-06-01,ollama.chat - KeyError or ValueError,400,Computational Social Science,lu,
2025-06-01,ollama.chat - KeyError or ValueError,400,Computational Social Science,kw,
2025-06-01,ollama.chat - KeyError or ValueError,400,Humanities Data Science,ga,
2025-06-01,ollama.chat - KeyError or ValueError,400,Computational Social Science,ce,
2025-06-01,ollama.chat - KeyError or ValueError,400,Public History,my,
2025-06-01,ollama.chat - KeyError or ValueError,400,Public History,bi,
2025-06-01,ollama.chat - KeyError or ValueError,400,Public History,bn,
2025-06-01,ollama.chat - KeyError or ValueError,400,Computational Social Science,ia,
2025-06-01,ollama.chat - KeyError or ValueError,400,Computational Social Science,ar,
2025-06-01,ollama.chat - KeyError or ValueError,400,Computational Social Science,kg,
2025-06-01,ollama.chat - KeyError or ValueError,400,Computational Social Science,cr,
2025-06-01,ollama.chat - KeyError or ValueError,400,Humanities Data Science,te,
2025-06-01,ollama.chat - KeyError or ValueError,400,Public History,cv,
2025-06-01,ollama.chat - KeyError or ValueError,400,Humanities Data Science,ho,
2025-06-01,ollama.chat - KeyError or ValueError,400,Public History,iu,
2025-06-01,ollama.chat - KeyError or ValueError,400,Public History,uk,
2025-06-01,ollama.chat - KeyError or ValueError,400,Public History,ug,
2025-06-01,ollama.chat - KeyError or ValueError,400,Public History,tr,
2025-06-01,ollama.chat - KeyError or ValueError,400,Computational Social Science,af,
2025-06-01,ollama.chat - KeyError or ValueError,400,Computational Social Science,he,
2025-06-01,ollama.chat - KeyError or ValueError,400,Computational Social Science,ja,
2025-06-01,ollama.chat - KeyError or ValueError,400,Public History,nv,
2025-06-01,ollama.chat - KeyError or ValueError,400,Humanities Data Science,ig,
2025-06-01,ollama.chat - KeyError or ValueError,400,Computational Social Science,ak,
2025-06-01,ollama.chat - KeyError or ValueError,400,Public History,bo,
2025-06-01,ollama.chat - KeyError or ValueError,400,Public History,be,
2025-06-01,ollama.chat - KeyError or ValueError,400,Computational Social Science,ba,
2025-06-01,ollama.chat - KeyError or ValueError,400,Public History,ab,
2025-06-01,ollama.chat - KeyError or ValueError,400,Digital Cultural Heritage,zu,
2025-06-01,ollama.chat - KeyError or ValueError,400,Digital Cultural Heritage,za,
2025-06-01,ollama.chat - KeyError or ValueError,400,Digital Cultural Heritage,yo,
2025-06-01,ollama.chat - KeyError or ValueError,400,Public History,ae,
2025-06-01,ollama.chat - KeyError or ValueError,400,Humanities Data Science,sv,
2025-06-01,ollama.chat - KeyError or ValueError,400,Computational Social Science,gl,
2025-06-01,ollama.chat - KeyError or ValueError,400,Public History,ko,
2025-06-01,ollama.chat - KeyError or ValueError,400,Humanities Data Science,kg,
2025-06-01,ollama.chat - KeyError or ValueError,400,Humanities Data Science,eo,
2025-06-01,ollama.chat - KeyError or ValueError,400,Humanities Data Science,is,
2025-06-01,ollama.chat - KeyError or ValueError,400,Humanities Data Science,dz,
2025-06-01,ollama.chat - KeyError or ValueError,400,Humanities Data Science,cv,
2025-06-01,ollama.chat - KeyError or ValueError,400,Computational Social Science,pt,
2025-06-01,ollama.chat - KeyError or ValueError,400,Humanities Data Science,th,
2025-06-01,ollama.chat - KeyError or ValueError,400,Humanities Data Science,ki,
2025-06-01,ollama.chat - KeyError or ValueError,400,Public History,mi,
2025-06-01,ollama.chat - KeyError or ValueError,400,Humanities Data Science,nv,
2025-06-01,ollama.chat - KeyError or ValueError,400,Humanities Data Science,mi,
2025-06-01,ollama.chat - KeyError or ValueError,400,Public History,nn,
2025-06-01,ollama.chat - KeyError or ValueError,400,Computational Social Science,es,
2025-06-01,ollama.chat - KeyError or ValueError,400,Humanities Data Science,ku,
2025-06-01,ollama.chat - KeyError or ValueError,400,Humanities Data Science,gl,
2025-06-01,ollama.chat - KeyError or ValueError,400,Public History,ii,
2025-06-01,ollama.chat - KeyError or ValueError,400,Public History,mt,
2025-06-01,ollama.chat - KeyError or ValueError,400,Humanities Data Science,en,
2025-06-01,ollama.chat - KeyError or ValueError,400,Humanities Data Science,hz,
2025-06-01,ollama.chat - KeyError or ValueError,400,Humanities Data Science,ff,
2025-06-01,ollama.chat - KeyError or ValueError,400,Humanities Data Science,ti,
2025-06-01,ollama.chat - KeyError or ValueError,400,Computational Social Science,ks,
2025-06-01,ollama.chat - KeyError or ValueError,400,Computational Social Science,hu,
2025-06-01,ollama.chat - KeyError or ValueError,400,Humanities Data Science,nl,
2025-06-01,ollama.chat - KeyError or ValueError,400,Public History,lv,
2025-06-01,ollama.chat - KeyError or ValueError,400,Computational Social Science,sw,
2025-06-01,ollama.chat - KeyError or ValueError,400,Computational Social Science,ro,
2025-06-01,ollama.chat - KeyError or ValueError,400,Computational Social Science,ka,
2025-06-01,ollama.chat - KeyError or ValueError,400,Public History,lg,
2025-06-01,ollama.chat - KeyError or ValueError,400,Humanities Data Science,oj,
2025-06-01,ollama.chat - KeyError or ValueError,400,Computational Social Science,lt,
2025-06-01,ollama.chat - KeyError or ValueError,400,Computational Social Science,tl,
2025-06-01,ollama.chat - KeyError or ValueError,400,Humanities Data Science,vo,
2025-06-01,ollama.chat - KeyError or ValueError,400,Humanities Data Science,yi,
2025-06-01,ollama.chat - KeyError or ValueError,400,Humanities Data Science,nn,
2025-06-01,ollama.chat - KeyError or ValueError,400,Digital Cultural Heritage,pi,
2025-06-01,ollama.chat - KeyError or ValueError,400,Humanities Data Science,pt,
2025-06-01,ollama.chat - KeyError or ValueError,400,Humanities Data Science,es,
2025-06-01,ollama.chat - KeyError or ValueError,400,Public History,lt,
2025-06-01,ollama.chat - KeyError or ValueError,400,Public History,sd,
2025-06-01,ollama.chat - KeyError or ValueError,400,Computational Social Science,ln,
2025-06-01,ollama.chat - KeyError or ValueError,400,Humanities Data Science,ae,
2025-06-01,ollama.chat - KeyError or ValueError,400,Humanities Data Science,hr,
2025-06-01,ollama.chat - KeyError or ValueError,400,Public History,ms,
2025-06-01,ollama.chat - KeyError or ValueError,400,Computational Social Science,tn,
2025-06-01,ollama.chat - KeyError or ValueError,400,Humanities Data Science,de,
2025-06-01,ollama.chat - KeyError or ValueError,400,Public History,ng,
2025-06-01,ollama.chat - KeyError or ValueError,400,Humanities Data Science,bo,
2025-06-01,ollama.chat - KeyError or ValueError,400,Humanities Data Science,ru,
2025-06-01,ollama.chat - KeyError or ValueError,400,Public History,ht,
2025-06-01,ollama.chat - KeyError or ValueError,400,Computational Social Science,lb,
2025-06-01,ollama.chat - KeyError or ValueError,400,Humanities Data Science,ts,
2025-06-01,ollama.chat - KeyError or ValueError,400,Public History,gn,
2025-06-01,ollama.chat - KeyError or ValueError,400,Humanities Data Science,la,
2025-06-01,ollama.chat - KeyError or ValueError,400,Humanities Data Science,nd,
2025-06-01,ollama.chat - KeyError or ValueError,400,Humanities Data Science,io,
2025-06-01,ollama.chat - KeyError or ValueError,400,Public History,li,
2025-06-01,ollama.chat - KeyError or ValueError,400,Humanities Data Science,cr,
2025-06-01,ollama.chat - KeyError or ValueError,400,Computational Social Science,mh,
2025-06-01,ollama.chat - KeyError or ValueError,400,Computational Social Science,ga,
2025-06-01,ollama.chat - KeyError or ValueError,400,Humanities Data Science,xh,
2025-06-01,ollama.chat - KeyError or ValueError,400,Humanities Data Science,fa,
2025-06-01,ollama.chat - KeyError or ValueError,400,Computational Social Science,bg,
2025-06-01,ollama.chat - KeyError or ValueError,400,Humanities Data Science,sg,
2025-06-01,ollama.chat - KeyError or ValueError,400,Humanities Data Science,eu,
2025-06-01,ollama.chat - KeyError or ValueError,400,Public History,ks,
2025-06-01,ollama.chat - KeyError or ValueError,400,Public History,ba,
2025-06-01,ollama.chat - KeyError or ValueError,400,Computational Social Science,dz,
2025-06-01,ollama.chat - KeyError or ValueError,400,Public History,ar,
2025-06-01,ollama.chat - KeyError or ValueError,400,Public History,an,
2025-06-01,ollama.chat - KeyError or ValueError,400,Public History,tg,
2025-06-01,ollama.chat - KeyError or ValueError,400,Public History,zu,
2025-06-01,ollama.chat - KeyError or ValueError,400,Computational Social Science,lo,
2025-06-01,ollama.chat - KeyError or ValueError,400,Humanities Data Science,iu,
2025-06-01,ollama.chat - KeyError or ValueError,400,Humanities Data Science,ta,
2025-06-01,ollama.chat - KeyError or ValueError,400,Computational Social Science,kj,
2025-06-01,ollama.chat - KeyError or ValueError,400,Humanities Data Science,na,
2025-06-01,ollama.chat - KeyError or ValueError,400,Humanities Data Science,ml,
2025-06-01,ollama.chat - KeyError or ValueError,400,Humanities Data Science,ks,
2025-06-01,ollama.chat - KeyError or ValueError,400,Humanities Data Science,kk,
2025-06-01,ollama.chat - KeyError or ValueError,400,Computational Social Science,nn,
2025-06-01,ollama.chat - KeyError or ValueError,400,Computational Social Science,ha,
2025-06-01,ollama.chat - KeyError or ValueError,400,Computational Social Science,ps,
2025-06-01,ollama.chat - KeyError or ValueError,400,Humanities Data Science,hu,
2025-06-01,ollama.chat - KeyError or ValueError,400,Public History,rw,
2025-06-01,ollama.chat - KeyError or ValueError,400,Public History,lu,
2025-06-01,ollama.chat - KeyError or ValueError,400,Public History,sk,
2025-06-01,ollama.chat - KeyError or ValueError,400,Humanities Data Science,mn,
2025-06-01,ollama.chat - KeyError or ValueError,400,Computational Social Science,st,
2025-06-01,ollama.chat - KeyError or ValueError,400,Public History,kg,
2025-06-01,ollama.chat - KeyError or ValueError,400,Humanities Data Science,rn,
2025-06-01,ollama.chat - KeyError or ValueError,400,Computational Social Science,ss,
2025-06-01,ollama.chat - KeyError or ValueError,400,Humanities Data Science,rw,
2025-06-01,ollama.chat - KeyError or ValueError,400,Humanities Data Science,za,
2025-06-01,ollama.chat - KeyError or ValueError,400,Humanities Data Science,ms,
2025-06-01,ollama.chat - KeyError or ValueError,400,Humanities Data Science,gn,
2025-06-01,ollama.chat - KeyError or ValueError,400,Humanities Data Science,cy,
2025-06-01,ollama.chat - KeyError or ValueError,400,Computational Social Science,rn,
2025-06-01,ollama.chat - KeyError or ValueError,400,Humanities Data Science,av,
2025-06-01,ollama.chat - KeyError or ValueError,400,Public History,cu,
2025-06-01,ollama.chat - KeyError or ValueError,400,Humanities Data Science,no,
2025-06-01,ollama.chat - KeyError or ValueError,400,Digital Cultural Heritage,vi,
2025-06-01,ollama.chat - KeyError or ValueError,400,Computational Social Science,ch,
2025-06-01,ollama.chat - KeyError or ValueError,400,Public History,ch,
2025-06-01,ollama.chat - KeyError or ValueError,400,Humanities Data Science,km,
2025-06-01,ollama.chat - KeyError or ValueError,400,Humanities Data Science,lu,
2025-06-01,ollama.chat - KeyError or ValueError,400,Humanities Data Science,ce,
2025-06-01,ollama.chat - KeyError or ValueError,400,Public History,ky,
2025-06-01,ollama.chat - KeyError or ValueError,400,Humanities Data Science,mk,
2025-06-01,ollama.chat - KeyError or ValueError,400,Public History,vi,
2025-06-01,ollama.chat - KeyError or ValueError,400,Digital Cultural Heritage,wo,
2025-06-01,ollama.chat - KeyError or ValueError,400,Computational Social Science,ng,
2025-06-01,ollama.chat - KeyError or ValueError,400,Computational Social Science,or,
2025-06-01,ollama.chat - KeyError or ValueError,400,Computational Social Science,na,
2025-06-01,ollama.chat - KeyError or ValueError,400,Computational Social Science,nr,
2025-06-01,ollama.chat - KeyError or ValueError,400,Computational Social Science,no,
2025-06-01,ollama.chat - KeyError or ValueError,400,Digital Cultural Heritage,xh,
2025-06-01,ollama.chat - KeyError or ValueError,400,Humanities Data Science,my,
2025-06-01,ollama.chat - KeyError or ValueError,400,Computational Social Science,su,
2025-06-01,ollama.chat - KeyError or ValueError,400,Humanities Data Science,ba,
2025-06-01,ollama.chat - KeyError or ValueError,400,Humanities Data Science,be,
2025-06-01,ollama.chat - KeyError or ValueError,400,Computational Social Science,sn,
2025-06-01,ollama.chat - KeyError or ValueError,400,Humanities Data Science,sc,
2025-06-01,ollama.chat - KeyError or ValueError,400,Humanities Data Science,sk,
2025-06-01,ollama.chat - KeyError or ValueError,400,Humanities Data Science,ht,
2025-06-01,ollama.chat - KeyError or ValueError,400,Humanities Data Science,sw,
2025-06-01,ollama.chat - KeyError or ValueError,400,Computational Social Science,ta,
2025-06-01,ollama.chat - KeyError or ValueError,400,Digital Cultural Heritage,vo,
2025-06-01,ollama.chat - KeyError or ValueError,400,Public History,jv,
2025-06-01,ollama.chat - KeyError or ValueError,400,Humanities Data Science,dv,
2025-06-01,ollama.chat - KeyError or ValueError,400,Computational Social Science,ff,
2025-06-01,ollama.chat - KeyError or ValueError,400,Humanities Data Science,kw,
2025-06-01,ollama.chat - KeyError or ValueError,400,Computational Humanities,kv,
2025-06-01,ollama.chat - KeyError or ValueError,400,Computational Social Science,cu,
2025-06-01,ollama.chat - KeyError or ValueError,400,Digital Cultural Heritage,sd,
2025-06-01,ollama.chat - KeyError or ValueError,400,Public History,dz,
2025-06-01,ollama.chat - KeyError or ValueError,400,Computational Humanities,ff,
2025-06-01,ollama.chat - KeyError or ValueError,400,Computational Humanities,fr,
2025-06-01,ollama.chat - KeyError or ValueError,400,Computational Humanities,fi,
2025-06-01,ollama.chat - KeyError or ValueError,400,Computational Humanities,et,
2025-06-01,ollama.chat - KeyError or ValueError,400,Computational Humanities,en,
2025-06-01,ollama.chat - KeyError or ValueError,400,Computational Humanities,dz,
2025-06-01,ollama.chat - KeyError or ValueError,400,Computational Humanities,nl,
2025-06-01,ollama.chat - KeyError or ValueError,400,Computational Humanities,sr,
2025-06-01,ollama.chat - KeyError or ValueError,400,Computational Humanities,co,
2025-06-01,ollama.chat - KeyError or ValueError,400,Digital Cultural Heritage,ny,
2025-06-01,ollama.chat - KeyError or ValueError,400,Computational Humanities,su,
2025-06-01,ollama.chat - KeyError or ValueError,400,Computational Humanities,lo,
2025-06-01,ollama.chat - KeyError or ValueError,400,Humanities Data Science,am,
2025-06-01,ollama.chat - KeyError or ValueError,400,Humanities Data Science,sq,
2025-06-01,ollama.chat - KeyError or ValueError,400,Humanities Data Science,ak,
2025-06-01,ollama.chat - KeyError or ValueError,400,Humanities Data Science,af,
2025-06-01,ollama.chat - KeyError or ValueError,400,Computational Social Science,nv,
2025-06-01,ollama.chat - KeyError or ValueError,400,Humanities Data Science,bn,
2025-06-01,ollama.chat - KeyError or ValueError,400,Humanities Data Science,as,
2025-06-01,ollama.chat - KeyError or ValueError,400,Computational Social Science,vo,
2025-06-01,ollama.chat - KeyError or ValueError,400,Public History,sw,
2025-06-01,ollama.chat - KeyError or ValueError,400,Digital Cultural Heritage,az,
2025-06-01,ollama.chat - KeyError or ValueError,400,Computational Humanities,hz,
2025-06-01,ollama.chat - KeyError or ValueError,400,Digital Cultural Heritage,bi,
2025-06-01,ollama.chat - KeyError or ValueError,400,Computational Humanities,lt,
2025-06-01,ollama.chat - KeyError or ValueError,400,Digital Cultural Heritage,et,
2025-06-01,ollama.chat - KeyError or ValueError,400,Digital Cultural Heritage,rn,
2025-06-01,ollama.chat - KeyError or ValueError,400,Digital Cultural Heritage,ia,
2025-06-01,ollama.chat - KeyError or ValueError,400,Computational Humanities,ht,
2025-06-01,ollama.chat - KeyError or ValueError,400,Computational Humanities,mk,
2025-06-01,ollama.chat - KeyError or ValueError,400,Computational Humanities,cs,
2025-06-01,ollama.chat - KeyError or ValueError,400,Computational Humanities,ka,
2025-06-01,ollama.chat - KeyError or ValueError,400,Digital Cultural Heritage,iu,
2025-06-01,ollama.chat - KeyError or ValueError,400,Digital Cultural Heritage,eu,
2025-06-01,ollama.chat - KeyError or ValueError,400,Computational Humanities,gl,
2025-06-01,ollama.chat - KeyError or ValueError,400,Computational Humanities,sv,
2025-06-01,ollama.chat - KeyError or ValueError,400,Computational Social Science,nb,
2025-06-01,ollama.chat - KeyError or ValueError,400,Computational Humanities,si,
2025-06-01,ollama.chat - KeyError or ValueError,400,Computational Humanities,kn,
2025-06-01,ollama.chat - KeyError or ValueError,400,Computational Humanities,st,
2025-06-01,ollama.chat - KeyError or ValueError,400,Digital Cultural Heritage,ga,
2025-06-01,ollama.chat - KeyError or ValueError,400,Computational Social Science,sg,
2025-06-01,ollama.chat - KeyError or ValueError,400,Computational Social Science,tr,
2025-06-01,ollama.chat - KeyError or ValueError,400,Computational Social Science,sv,
2025-06-01,ollama.chat - KeyError or ValueError,400,Computational Social Science,sl,
2025-06-01,ollama.chat - KeyError or ValueError,400,Computational Social Science,se,
2025-06-01,ollama.chat - KeyError or ValueError,400,Public History,mn,
2025-06-01,ollama.chat - KeyError or ValueError,400,Computational Humanities,av,
2025-06-01,ollama.chat - KeyError or ValueError,400,Digital Cultural Heritage,gd,
2025-06-01,ollama.chat - KeyError or ValueError,400,Computational Humanities,ln,
2025-06-01,ollama.chat - KeyError or ValueError,400,Digital Cultural Heritage,kg,
2025-06-01,ollama.chat - KeyError or ValueError,400,Digital Cultural Heritage,st,
2025-06-01,ollama.chat - KeyError or ValueError,400,Digital Cultural Heritage,da,
2025-06-01,ollama.chat - KeyError or ValueError,400,Computational Humanities,bm,
2025-06-01,ollama.chat - KeyError or ValueError,400,Computational Humanities,lb,
2025-06-01,ollama.chat - KeyError or ValueError,400,Computational Humanities,mg,
2025-06-01,ollama.chat - KeyError or ValueError,400,Computational Humanities,la,
2025-06-01,ollama.chat - KeyError or ValueError,400,Computational Humanities,gv,
2025-06-01,ollama.chat - KeyError or ValueError,400,Computational Humanities,ny,
2025-06-01,ollama.chat - KeyError or ValueError,400,Humanities Data Science,tl,
2025-06-01,ollama.chat - KeyError or ValueError,400,Digital Cultural Heritage,fj,
2025-06-01,ollama.chat - KeyError or ValueError,400,Humanities Data Science,pa,
2025-06-01,ollama.chat - KeyError or ValueError,400,Public History,si,
2025-06-01,ollama.chat - KeyError or ValueError,400,Digital Cultural Heritage,bh,
2025-06-01,ollama.chat - KeyError or ValueError,400,Humanities Data Science,ln,
2025-06-01,ollama.chat - KeyError or ValueError,400,Computational Social Science,yi,
2025-06-01,ollama.chat - KeyError or ValueError,400,Computational Humanities,bh,
2025-06-01,ollama.chat - KeyError or ValueError,400,Digital Cultural Heritage,ho,
2025-06-01,ollama.chat - KeyError or ValueError,400,Humanities Data Science,ha,
2025-06-01,ollama.chat - KeyError or ValueError,400,Humanities Data Science,zh,
2025-06-01,ollama.chat - KeyError or ValueError,400,Computational Humanities,an,
2025-06-01,ollama.chat - KeyError or ValueError,400,Computational Humanities,ab,
2025-06-01,ollama.chat - KeyError or ValueError,400,Computational Humanities,ch,
2025-06-01,ollama.chat - KeyError or ValueError,400,Computational Humanities,bs,
2025-06-01,ollama.chat - KeyError or ValueError,400,Digital Cultural Heritage,sk,
2025-06-01,ollama.chat - KeyError or ValueError,400,Computational Humanities,hu,
2025-06-01,ollama.chat - KeyError or ValueError,400,Computational Social Science,zu,
2025-06-01,ollama.chat - KeyError or ValueError,400,Computational Humanities,ko,
2025-06-01,ollama.chat - KeyError or ValueError,400,Computational Humanities,sk,
2025-06-01,ollama.chat - KeyError or ValueError,400,Computational Humanities,xh,
2025-06-01,ollama.chat - KeyError or ValueError,400,Digital Cultural Heritage,ve,
2025-06-01,ollama.chat - KeyError or ValueError,400,Computational Humanities,ar,
2025-06-01,ollama.chat - KeyError or ValueError,400,Digital Cultural Heritage,eo,
2025-06-01,ollama.chat - KeyError or ValueError,400,Computational Social Science,li,
2025-06-01,ollama.chat - KeyError or ValueError,400,Digital Cultural Heritage,sr,
2025-06-01,ollama.chat - KeyError or ValueError,400,Computational Social Science,eo,
2025-06-01,ollama.chat - KeyError or ValueError,400,Computational Humanities,bi,
2025-06-01,ollama.chat - KeyError or ValueError,400,Digital Cultural Heritage,ky,
2025-06-01,ollama.chat - KeyError or ValueError,400,Computational Humanities,lu,
2025-06-01,ollama.chat - KeyError or ValueError,400,Computational Humanities,za,
2025-06-01,ollama.chat - KeyError or ValueError,400,Computational Humanities,mi,
2025-06-01,ollama.chat - KeyError or ValueError,400,Computational Humanities,dv,
2025-06-01,ollama.chat - KeyError or ValueError,400,Computational Humanities,ms,
2025-06-01,ollama.chat - KeyError or ValueError,400,Digital Cultural Heritage,se,
2025-06-01,ollama.chat - KeyError or ValueError,400,Digital Cultural Heritage,hr,
2025-06-01,ollama.chat - KeyError or ValueError,400,Digital Cultural Heritage,ik,
2025-06-01,ollama.chat - KeyError or ValueError,400,Digital Cultural Heritage,uz,
2025-06-01,ollama.chat - KeyError or ValueError,400,Digital Cultural Heritage,jv,
2025-06-01,ollama.chat - KeyError or ValueError,400,Public History,eo,
2025-06-01,ollama.chat - KeyError or ValueError,400,Public History,bs,
2025-06-01,ollama.chat - KeyError or ValueError,400,Computational Humanities,az,
2025-06-01,ollama.chat - KeyError or ValueError,400,Public History,tn,
2025-06-01,ollama.chat - KeyError or ValueError,400,Public History,sh,
2025-06-01,ollama.chat - KeyError or ValueError,400,Public History,ta,
2025-06-01,ollama.chat - KeyError or ValueError,400,Computational Humanities,ku,
2025-06-01,ollama.chat - KeyError or ValueError,400,Digital Cultural Heritage,ig,
2025-06-01,ollama.chat - KeyError or ValueError,400,Public History,sl,
2025-06-01,ollama.chat - KeyError or ValueError,400,Digital Cultural Heritage,is,
2025-06-01,ollama.chat - KeyError or ValueError,400,Digital Cultural Heritage,ln,
2025-06-01,ollama.chat - KeyError or ValueError,400,Digital Cultural Heritage,lb,
2025-06-01,ollama.chat - KeyError or ValueError,400,Computational Humanities,tr,
2025-06-01,ollama.chat - KeyError or ValueError,400,Computational Social Science,tt,
2025-06-01,ollama.chat - KeyError or ValueError,400,Computational Humanities,ki,
2025-06-01,ollama.chat - KeyError or ValueError,400,Computational Humanities,hy,
2025-06-01,ollama.chat - KeyError or ValueError,400,Digital Cultural Heritage,km,
2025-06-01,ollama.chat - KeyError or ValueError,400,Digital Cultural Heritage,kk,
2025-06-01,ollama.chat - KeyError or ValueError,400,Digital Cultural Heritage,ks,
2025-06-01,ollama.chat - KeyError or ValueError,400,Digital Cultural Heritage,kr,
2025-06-01,ollama.chat - KeyError or ValueError,400,Digital Cultural Heritage,kj,
2025-06-01,ollama.chat - KeyError or ValueError,400,Computational Humanities,ba,
2025-06-01,ollama.chat - KeyError or ValueError,400,Digital Cultural Heritage,io,
2025-06-01,ollama.chat - KeyError or ValueError,400,Humanities Data Science,co,
2025-06-01,ollama.chat - KeyError or ValueError,400,Computational Humanities,de,
2025-06-01,ollama.chat - KeyError or ValueError,400,Computational Humanities,ky,
2025-06-01,ollama.chat - KeyError or ValueError,400,Computational Humanities,iu,
2025-06-01,ollama.chat - KeyError or ValueError,400,Computational Humanities,id,
2025-06-01,ollama.chat - KeyError or ValueError,400,Digital Cultural Heritage,nl,
2025-06-01,ollama.chat - KeyError or ValueError,400,Computational Humanities,ta,
2025-06-01,ollama.chat - KeyError or ValueError,400,Digital Cultural Heritage,ae,
2025-06-01,ollama.chat - KeyError or ValueError,400,Digital Cultural Heritage,ro,
2025-06-01,ollama.chat - KeyError or ValueError,400,Computational Humanities,uz,
2025-06-01,ollama.chat - KeyError or ValueError,400,Digital Cultural Heritage,na,
2025-06-01,ollama.chat - KeyError or ValueError,400,Computational Humanities,wa,
2025-06-01,ollama.chat - KeyError or ValueError,400,Computational Humanities,ur,
2025-06-01,ollama.chat - KeyError or ValueError,400,Computational Humanities,tw,
2025-06-01,ollama.chat - KeyError or ValueError,400,Computational Humanities,th,
2025-06-01,ollama.chat - KeyError or ValueError,400,Digital Cultural Heritage,ab,
2025-06-01,ollama.chat - KeyError or ValueError,400,Computational Humanities,to,
2025-06-01,ollama.chat - KeyError or ValueError,400,Digital Cultural Heritage,my,
2025-06-01,ollama.chat - KeyError or ValueError,400,Digital Cultural Heritage,sq,
2025-06-01,ollama.chat - KeyError or ValueError,400,Computational Social Science,ug,
2025-06-01,ollama.chat - KeyError or ValueError,400,Digital Cultural Heritage,ja,
2025-06-01,ollama.chat - KeyError or ValueError,400,Computational Humanities,pl,
2025-06-01,ollama.chat - KeyError or ValueError,400,Digital Cultural Heritage,nr,
2025-06-01,ollama.chat - KeyError or ValueError,400,Digital Cultural Heritage,nv,
2025-06-01,ollama.chat - KeyError or ValueError,400,Digital Cultural Heritage,pt,
2025-06-01,ollama.chat - KeyError or ValueError,400,Computational Humanities,ja,
2025-06-01,ollama.chat - KeyError or ValueError,400,Digital Cultural Heritage,mh,
2025-06-01,ollama.chat - KeyError or ValueError,400,Digital Cultural Heritage,kw,
2025-06-01,ollama.chat - KeyError or ValueError,400,Digital Cultural Heritage,ko,
2025-06-01,ollama.chat - KeyError or ValueError,400,Digital Cultural Heritage,rw,
2025-06-01,ollama.chat - KeyError or ValueError,400,Digital Cultural Heritage,ki,
2025-06-01,ollama.chat - KeyError or ValueError,400,Computational Humanities,cv,
2025-06-01,ollama.chat - KeyError or ValueError,400,Computational Humanities,ce,
2025-06-01,ollama.chat - KeyError or ValueError,400,Computational Humanities,ho,
2025-06-01,ollama.chat - KeyError or ValueError,400,Humanities Data Science,so,
2025-06-01,ollama.chat - KeyError or ValueError,400,Computational Social Science,wa,
2025-06-01,ollama.chat - KeyError or ValueError,400,Humanities Data Science,an,
2025-06-01,ollama.chat - KeyError or ValueError,400,Humanities Data Science,hy,
2025-06-01,ollama.chat - KeyError or ValueError,400,Digital Cultural Heritage,dv,
2025-06-01,ollama.chat - KeyError or ValueError,400,Computational Social Science,ur,
2025-06-01,ollama.chat - KeyError or ValueError,400,Computational Social Science,ve,
2025-06-01,ollama.chat - KeyError or ValueError,400,Computational Humanities,tn,
2025-06-01,ollama.chat - KeyError or ValueError,400,Public History,ia,
2025-06-01,ollama.chat - KeyError or ValueError,400,Public History,hu,
2025-06-01,ollama.chat - KeyError or ValueError,400,Computational Humanities,it,
2025-06-01,ollama.chat - KeyError or ValueError,400,Digital Cultural Heritage,hi,
2025-06-01,ollama.chat - KeyError or ValueError,400,Digital Cultural Heritage,sg,
2025-06-01,ollama.chat - KeyError or ValueError,400,Digital Cultural Heritage,gu,
2025-06-01,ollama.chat - KeyError or ValueError,400,Public History,hi,
2025-06-01,ollama.chat - KeyError or ValueError,400,Public History,hr,
2025-06-01,ollama.chat - KeyError or ValueError,400,Public History,fj,
2025-06-01,ollama.chat - KeyError or ValueError,400,Public History,nl,
2025-06-01,ollama.chat - KeyError or ValueError,400,Public History,sn,
2025-06-01,ollama.chat - KeyError or ValueError,400,Public History,el,
2025-06-01,ollama.chat - KeyError or ValueError,400,Public History,ff,
2025-06-01,ollama.chat - KeyError or ValueError,400,Computational Humanities,li,
2025-06-01,ollama.chat - KeyError or ValueError,400,Public History,ie,
2025-06-01,ollama.chat - KeyError or ValueError,400,Public History,fr,
2025-06-01,ollama.chat - KeyError or ValueError,400,Computational Social Science,za,
2025-06-01,ollama.chat - KeyError or ValueError,400,Computational Humanities,cu,
2025-06-01,ollama.chat - KeyError or ValueError,400,Digital Cultural Heritage,ak,
2025-06-01,ollama.chat - KeyError or ValueError,400,Computational Humanities,rw,
2025-06-01,ollama.chat - KeyError or ValueError,400,Digital Cultural Heritage,ii,
2025-06-01,ollama.chat - KeyError or ValueError,400,Digital Cultural Heritage,oj,
2025-06-01,ollama.chat - KeyError or ValueError,400,Computational Humanities,ik,
2025-06-01,ollama.chat - KeyError or ValueError,400,Digital Cultural Heritage,af,
2025-06-01,ollama.chat - KeyError or ValueError,400,Digital Cultural Heritage,ku,
2025-06-01,ollama.chat - KeyError or ValueError,400,Digital Cultural Heritage,ts,
2025-06-01,ollama.chat - KeyError or ValueError,400,Computational Humanities,sw,
2025-06-01,ollama.chat - KeyError or ValueError,400,Computational Humanities,nv,
2025-06-01,ollama.chat - KeyError or ValueError,400,Digital Cultural Heritage,no,
2025-06-01,ollama.chat - KeyError or ValueError,400,Digital Cultural Heritage,tl,
2025-06-01,ollama.chat - KeyError or ValueError,400,Computational Humanities,sn,
2025-06-01,ollama.chat - KeyError or ValueError,400,Digital Cultural Heritage,bs,
2025-06-01,ollama.chat - KeyError or ValueError,400,Computational Humanities,ks,
2025-06-01,ollama.chat - KeyError or ValueError,400,Computational Humanities,bo,
2025-06-01,ollama.chat - KeyError or ValueError,400,Public History,vo,
2025-06-01,ollama.chat - KeyError or ValueError,400,Digital Cultural Heritage,as,
2025-06-01,ollama.chat - KeyError or ValueError,400,Computational Humanities,jv,
2025-06-01,ollama.chat - KeyError or ValueError,400,Digital Cultural Heritage,lt,
2025-06-01,ollama.chat - KeyError or ValueError,400,Digital Cultural Heritage,ss,
2025-06-01,ollama.chat - KeyError or ValueError,400,Computational Humanities,kw,
2025-06-01,ollama.chat - KeyError or ValueError,400,Digital Cultural Heritage,ff,
2025-06-01,ollama.chat - KeyError or ValueError,400,Computational Humanities,sd,
2025-06-01,ollama.chat - KeyError or ValueError,400,Humanities Data Science,or,
2025-06-01,ollama.chat - KeyError or ValueError,400,Digital Cultural Heritage,fo,
2025-06-01,ollama.chat - KeyError or ValueError,400,Digital Cultural Heritage,la,
2025-06-01,ollama.chat - KeyError or ValueError,400,Digital Cultural Heritage,av,
2025-06-01,ollama.chat - KeyError or ValueError,400,Humanities Data Science,bs,
2025-06-01,ollama.chat - KeyError or ValueError,400,Computational Humanities,my,
2025-06-01,ollama.chat - KeyError or ValueError,400,Computational Humanities,or,
2025-06-01,ollama.chat - KeyError or ValueError,400,Digital Cultural Heritage,fa,
2025-06-01,ollama.chat - KeyError or ValueError,400,Digital Cultural Heritage,cu,
2025-06-01,ollama.chat - KeyError or ValueError,400,Public History,zh,
2025-06-01,ollama.chat - KeyError or ValueError,400,Public History,id,
2025-06-01,ollama.chat - KeyError or ValueError,400,Digital Cultural Heritage,hu,
2025-06-01,ollama.chat - KeyError or ValueError,400,Digital Cultural Heritage,he,
2025-06-01,ollama.chat - KeyError or ValueError,400,Public History,ee,
2025-06-01,ollama.chat - KeyError or ValueError,400,Computational Social Science,pa,
2025-06-01,ollama.chat - KeyError or ValueError,400,Public History,ha,
2025-06-01,ollama.chat - KeyError or ValueError,400,Digital Cultural Heritage,cv,
2025-06-01,ollama.chat - KeyError or ValueError,400,Computational Social Science,km,
2025-06-01,ollama.chat - KeyError or ValueError,400,Humanities Data Science,pi,
2025-06-01,ollama.chat - KeyError or ValueError,400,Digital Cultural Heritage,ht,
2025-06-01,ollama.chat - KeyError or ValueError,400,Digital Cultural Heritage,mt,
2025-06-01,ollama.chat - KeyError or ValueError,400,Computational Humanities,es,
2025-06-01,ollama.chat - KeyError or ValueError,400,Computational Humanities,ii,
2025-06-01,ollama.chat - KeyError or ValueError,400,Computational Humanities,no,
2025-06-01,ollama.chat - KeyError or ValueError,400,Computational Humanities,zh,
2025-06-01,ollama.chat - KeyError or ValueError,400,Humanities Data Science,fy,
2025-06-01,ollama.chat - KeyError or ValueError,400,Digital Cultural Heritage,el,
2025-06-01,ollama.chat - KeyError or ValueError,400,Computational Humanities,ng,
2025-06-01,ollama.chat - KeyError or ValueError,400,Computational Humanities,as,
2025-06-01,ollama.chat - KeyError or ValueError,400,Digital Cultural Heritage,tk,
2025-06-01,ollama.chat - KeyError or ValueError,400,Digital Cultural Heritage,bg,
2025-06-01,ollama.chat - KeyError or ValueError,400,Digital Cultural Heritage,mi,
2025-06-01,ollama.chat - KeyError or ValueError,400,Digital Cultural Heritage,sl,
2025-06-01,ollama.chat - KeyError or ValueError,400,Digital Cultural Heritage,ee,
2025-06-01,ollama.chat - KeyError or ValueError,400,Digital Cultural Heritage,mn,
2025-06-01,ollama.chat - KeyError or ValueError,400,Computational Humanities,mt,
2025-06-01,ollama.chat - KeyError or ValueError,400,Digital Cultural Heritage,ba,
2025-06-01,ollama.chat - KeyError or ValueError,400,Digital Cultural Heritage,so,
2025-06-01,ollama.chat - KeyError or ValueError,400,Public History,fi,
2025-06-01,ollama.chat - KeyError or ValueError,400,Digital Cultural Heritage,ml,
2025-06-01,ollama.chat - KeyError or ValueError,400,Computational Humanities,kl,
2025-06-01,ollama.chat - KeyError or ValueError,400,Computational Humanities,lg,
2025-06-01,ollama.chat - KeyError or ValueError,400,Computational Humanities,sc,
2025-06-01,ollama.chat - KeyError or ValueError,400,Digital Cultural Heritage,nn,
2025-06-01,ollama.chat - KeyError or ValueError,400,Digital Cultural Heritage,mk,
2025-06-01,ollama.chat - KeyError or ValueError,400,Computational Humanities,tl,
2025-06-01,ollama.chat - KeyError or ValueError,400,Computational Humanities,oc,
2025-06-01,ollama.chat - KeyError or ValueError,400,Digital Cultural Heritage,tt,
2025-06-01,ollama.chat - KeyError or ValueError,400,Digital Cultural Heritage,lu,
2025-06-01,ollama.chat - KeyError or ValueError,400,Digital Cultural Heritage,sw,
2025-06-02,ollama.chat - KeyError or ValueError,400,Public History,nr,
2025-06-02,ollama.chat - KeyError or ValueError,400,Humanities Data Science,aa,
2025-06-02,ollama.chat - KeyError or ValueError,400,Digital Cultural Heritage,lg,
2025-06-02,ollama.chat - KeyError or ValueError,400,Public History,it,
2025-06-02,ollama.chat - KeyError or ValueError,400,Public History,na,
2025-06-02,ollama.chat - KeyError or ValueError,400,Humanities Data Science,tt,
2025-06-02,ollama.chat - KeyError or ValueError,400,Public History,tk,
2025-06-02,ollama.chat - KeyError or ValueError,400,Humanities Data Science,mt,
2025-06-02,ollama.chat - KeyError or ValueError,400,Computational Social Science,yo,
2025-06-02,ollama.chat - KeyError or ValueError,400,Humanities Data Science,sr,
2025-06-02,ollama.chat - KeyError or ValueError,400,Humanities Data Science,tr,
2025-06-02,ollama.chat - KeyError or ValueError,400,Digital Cultural Heritage,kl,
2025-06-02,ollama.chat - KeyError or ValueError,400,Computational Humanities,nd,
2025-06-02,ollama.chat - KeyError or ValueError,400,Public History,am,
2025-06-02,ollama.chat - KeyError or ValueError,400,Public History,ga,
2025-06-02,ollama.chat - KeyError or ValueError,400,Public History,ay,
2025-06-02,ollama.chat - KeyError or ValueError,400,Public History,kl,
2025-06-02,ollama.chat - KeyError or ValueError,400,Digital Cultural Heritage,it,
2025-06-02,ollama.chat - KeyError or ValueError,400,Public History,ce,
2025-06-02,ollama.chat - KeyError or ValueError,400,Humanities Data Science,wo,
2025-06-02,ollama.chat - KeyError or ValueError,400,Public History,mh,
2025-06-02,ollama.chat - KeyError or ValueError,400,Public History,ja,
2025-06-02,ollama.chat - KeyError or ValueError,400,Computational Social Science,mi,
2025-06-02,ollama.chat - KeyError or ValueError,400,Humanities Data Science,kv,
2025-06-02,ollama.chat - KeyError or ValueError,400,Computational Humanities,wo,
2025-06-02,ollama.chat - KeyError or ValueError,400,Digital Cultural Heritage,dz,
2025-06-02,ollama.chat - KeyError or ValueError,400,Humanities Data Science,os,
2025-06-02,ollama.chat - KeyError or ValueError,400,Digital Cultural Heritage,br,
2025-06-02,ollama.chat - KeyError or ValueError,400,Digital Cultural Heritage,hy,
2025-06-02,ollama.chat - KeyError or ValueError,400,Digital Cultural Heritage,tw,
2025-06-02,ollama.chat - KeyError or ValueError,400,Public History,os,
2025-06-02,ollama.chat - KeyError or ValueError,400,Computational Humanities,he,
2025-06-02,ollama.chat - KeyError or ValueError,400,Computational Humanities,ga,
2025-06-02,ollama.chat - KeyError or ValueError,400,Digital Cultural Heritage,gv,
2025-06-02,ollama.chat - KeyError or ValueError,400,Digital Cultural Heritage,lo,
2025-06-02,ollama.chat - KeyError or ValueError,400,Computational Humanities,gd,
2025-06-02,ollama.chat - KeyError or ValueError,400,Digital Cultural Heritage,uk,
2025-06-02,ollama.chat - KeyError or ValueError,400,Computational Social Science,cy,
2025-06-02,ollama.chat - KeyError or ValueError,400,Digital Cultural Heritage,fy,
2025-06-02,ollama.chat - KeyError or ValueError,400,Computational Humanities,vo,
2025-06-02,ollama.chat - KeyError or ValueError,400,Humanities Data Science,mg,
2025-06-02,ollama.chat - KeyError or ValueError,400,Computational Humanities,so,
2025-06-02,ollama.chat - KeyError or ValueError,400,Digital Cultural Heritage,am,
2025-06-02,ollama.chat - KeyError or ValueError,400,Public History,as,
2025-06-02,ollama.chat - KeyError or ValueError,400,Computational Social Science,zh-yue,
2025-06-02,ollama.chat - KeyError or ValueError,400,Humanities Data Science,ty,
2025-06-02,ollama.chat - KeyError or ValueError,400,Humanities Data Science,ss,
2025-06-02,ollama.chat - KeyError or ValueError,400,Computational Humanities,hi,
2025-06-02,ollama.chat - KeyError or ValueError,400,Computational Social Science,nd,
2025-06-02,ollama.chat - KeyError or ValueError,400,Humanities Data Science,tg,
2025-06-02,ollama.chat - KeyError or ValueError,400,Digital Cultural Heritage,ug,
2025-06-02,ollama.chat - KeyError or ValueError,400,Computational Social Science,tk,
2025-06-02,ollama.chat - KeyError or ValueError,400,Digital Cultural Heritage,sm,
2025-06-02,ollama.chat - KeyError or ValueError,400,Public History,sg,
2025-06-02,ollama.chat - KeyError or ValueError,400,Computational Social Science,kr,
2025-06-02,ollama.chat - KeyError or ValueError,400,Public History,hy,
2025-06-02,ollama.chat - KeyError or ValueError,400,Public History,ps,
2025-06-02,ollama.chat - KeyError or ValueError,400,Digital Cultural Heritage,zh,
2025-06-02,ollama.chat - KeyError or ValueError,400,Digital Cultural Heritage,ty,
2025-06-02,ollama.chat - KeyError or ValueError,400,Computational Social Science,gu,
2025-06-02,ollama.chat - KeyError or ValueError,400,Computational Social Science,to,
2025-06-02,ollama.chat - KeyError or ValueError,400,Humanities Data Science,sn,
2025-06-02,ollama.chat - KeyError or ValueError,400,Digital Cultural Heritage,be,
2025-06-02,ollama.chat - KeyError or ValueError,400,Computational Social Science,wo,
2025-06-02,ollama.chat - KeyError or ValueError,400,Public History,ur,
2025-06-02,ollama.chat - KeyError or ValueError,400,Public History,gd,
2025-06-02,ollama.chat - KeyError or ValueError,400,Public History,ml,
2025-06-02,ollama.chat - KeyError or ValueError,400,Digital Cultural Heritage,tr,
2025-06-02,ollama.chat - KeyError or ValueError,400,Humanities Data Science,mr,
2025-06-02,ollama.chat - KeyError or ValueError,400,Public History,sm,
2025-06-02,ollama.chat - KeyError or ValueError,400,Humanities Data Science,gd,
2025-06-02,ollama.chat - KeyError or ValueError,400,Digital Cultural Heritage,pl,
2025-06-02,ollama.chat - KeyError or ValueError,400,Computational Social Science,rw,
2025-06-02,ollama.chat - KeyError or ValueError,400,Computational Social Science,mt,
2025-06-02,ollama.chat - KeyError or ValueError,400,Digital Cultural Heritage,ay,
2025-06-02,ollama.chat - KeyError or ValueError,400,Computational Social Science,uk,
2025-06-02,ollama.chat - KeyError or ValueError,400,Public History,pl,
2025-06-02,ollama.chat - KeyError or ValueError,400,Humanities Data Science,ca,
2025-06-02,ollama.chat - KeyError or ValueError,400,Digital Cultural Heritage,bm,
2025-06-02,ollama.chat - KeyError or ValueError,400,Public History,bh,
2025-06-02,ollama.chat - KeyError or ValueError,400,Computational Social Science,tg,
2025-06-02,ollama.chat - KeyError or ValueError,400,Humanities Data Science,hi,
2025-06-02,ollama.chat - KeyError or ValueError,400,Computational Social Science,ts,
2025-06-02,ollama.chat - KeyError or ValueError,400,Digital Cultural Heritage,ru,
2025-06-02,ollama.chat - KeyError or ValueError,400,Computational Social Science,ne,
2025-06-02,ollama.chat - KeyError or ValueError,400,Computational Social Science,ru,
2025-06-02,ollama.chat - KeyError or ValueError,400,Computational Humanities,qu,
2025-06-02,ollama.chat - KeyError or ValueError,400,Computational Social Science,bm,
2025-06-02,ollama.chat - KeyError or ValueError,400,Computational Social Science,ti,
2025-06-02,ollama.chat - KeyError or ValueError,400,Computational Humanities,yo,
2025-06-02,ollama.chat - KeyError or ValueError,400,Computational Humanities,ha,
2025-06-02,ollama.chat - KeyError or ValueError,400,Digital Cultural Heritage,mg,
2025-06-02,ollama.chat - KeyError or ValueError,400,Computational Social Science,te,
2025-06-02,ollama.chat - KeyError or ValueError,400,Public History,qu,
2025-06-02,ollama.chat - KeyError or ValueError,400,Computational Social Science,aa,
2025-06-02,ollama.chat - KeyError or ValueError,400,Computational Social Science,av,
2025-06-02,ollama.chat - KeyError or ValueError,400,Computational Humanities,sq,
2025-06-02,ollama.chat - KeyError or ValueError,400,Computational Social Science,ee,
2025-06-02,ollama.chat - KeyError or ValueError,400,Computational Social Science,sm,
2025-06-02,ollama.chat - KeyError or ValueError,400,Computational Social Science,io,
2025-06-02,ollama.chat - KeyError or ValueError,400,Computational Humanities,ug,
2025-06-02,ollama.chat - KeyError or ValueError,400,Computational Social Science,br,
2025-06-02,ollama.chat - KeyError or ValueError,400,Public History,ts,
2025-06-02,ollama.chat - KeyError or ValueError,400,Public History,ne,
2025-06-02,ollama.chat - KeyError or ValueError,400,Humanities Data Science,ve,
2025-06-02,ollama.chat - KeyError or ValueError,400,Computational Social Science,fa,
2025-06-02,ollama.chat - KeyError or ValueError,400,Computational Social Science,sa,
2025-06-02,ollama.chat - KeyError or ValueError,400,Humanities Data Science,kn,
2025-06-02,ollama.chat - KeyError or ValueError,400,Digital Cultural Heritage,qu,
2025-06-02,ollama.chat - KeyError or ValueError,400,Public History,aa,
2025-06-02,ollama.chat - KeyError or ValueError,400,Computational Social Science,vi,
2025-06-02,ollama.chat - KeyError or ValueError,400,Public History,ti,
2025-06-02,ollama.chat - KeyError or ValueError,400,Humanities Data Science,sd,
2025-06-02,ollama.chat - KeyError or ValueError,400,Computational Social Science,qu,
2025-06-02,ollama.chat - KeyError or ValueError,400,Humanities Data Science,cu,
2025-06-02,ollama.chat - KeyError or ValueError,400,Public History,tt,
2025-06-02,ollama.chat - KeyError or ValueError,400,Digital Cultural Heritage,cy,
2025-06-02,ollama.chat - KeyError or ValueError,400,Computational Social Science,gv,
2025-06-02,ollama.chat - KeyError or ValueError,400,Computational Social Science,ay,
2025-06-02,ollama.chat - KeyError or ValueError,400,Computational Social Science,am,
2025-06-02,ollama.chat - KeyError or ValueError,400,Public History,ve,
2025-06-02,ollama.chat - KeyError or ValueError,400,Humanities Data Science,lt,
2025-06-02,ollama.chat - KeyError or ValueError,400,Digital Cultural Heritage,ps,
2025-06-02,ollama.chat - KeyError or ValueError,400,Computational Humanities,tt,
2025-06-02,ollama.chat - KeyError or ValueError,400,Digital Cultural Heritage,yi,
2025-06-02,ollama.chat - KeyError or ValueError,400,Humanities Data Science,ur,
2025-06-02,ollama.chat - KeyError or ValueError,400,Humanities Data Science,he,
2025-06-02,ollama.chat - KeyError or ValueError,400,Computational Social Science,tw,
2025-06-02,ollama.chat - KeyError or ValueError,400,Humanities Data Science,ka,
2025-06-02,ollama.chat - KeyError or ValueError,400,Humanities Data Science,ny,
2025-06-02,ollama.chat - KeyError or ValueError,400,Humanities Data Science,ay,
2025-06-02,ollama.chat - KeyError or ValueError,400,Computational Humanities,ty,
2025-06-02,ollama.chat - KeyError or ValueError,400,Digital Cultural Heritage,ti,
2025-06-02,ollama.chat - KeyError or ValueError,400,Public History,km,
2025-06-02,ollama.chat - KeyError or ValueError,400,Computational Humanities,rn,
2025-06-02,ollama.chat - KeyError or ValueError,400,Computational Humanities,pi,
2025-06-02,ollama.chat - KeyError or ValueError,400,Computational Humanities,nr,
2025-06-02,ollama.chat - KeyError or ValueError,400,Humanities Data Science,lg,
2025-06-02,ollama.chat - KeyError or ValueError,400,Public History,to,
2025-06-02,ollama.chat - KeyError or ValueError,400,Public History,so,
2025-06-02,ollama.chat - KeyError or ValueError,400,Humanities Data Science,gu,
2025-06-02,ollama.chat - KeyError or ValueError,400,Digital Cultural Heritage,sv,
2025-06-02,ollama.chat - KeyError or ValueError,400,Digital Cultural Heritage,sa,
2025-06-02,ollama.chat - KeyError or ValueError,400,Digital Cultural Heritage,fi,
2025-06-02,ollama.chat - KeyError or ValueError,400,Digital Cultural Heritage,te,
2025-06-02,ollama.chat - KeyError or ValueError,400,Computational Humanities,mn,
2025-06-02,ollama.chat - KeyError or ValueError,400,Public History,sa,
2025-06-02,ollama.chat - KeyError or ValueError,400,Public History,gu,
2025-06-02,ollama.chat - KeyError or ValueError,400,Computational Humanities,cy,
2025-06-02,ollama.chat - KeyError or ValueError,400,Computational Social Science,uz,
2025-06-02,ollama.chat - KeyError or ValueError,400,Computational Social Science,oj,
2025-06-02,ollama.chat - KeyError or ValueError,400,Computational Humanities,nb,
2025-06-02,ollama.chat - KeyError or ValueError,400,Humanities Data Science,ne,
2025-06-02,ollama.chat - KeyError or ValueError,400,Public History,tw,
2025-06-02,ollama.chat - KeyError or ValueError,400,Public History,fa,
2025-06-02,ollama.chat - KeyError or ValueError,400,Public History,ty,
2025-06-02,ollama.chat - KeyError or ValueError,400,Public History,yi,
2025-06-02,ollama.chat - KeyError or ValueError,400,Computational Humanities,ti,
2025-06-02,ollama.chat - KeyError or ValueError,400,Computational Social Science,ny,
2025-06-02,ollama.chat - KeyError or ValueError,400,Digital Cultural Heritage,or,
2025-06-02,ollama.chat - KeyError or ValueError,400,Computational Humanities,fa,
2025-06-02,ollama.chat - KeyError or ValueError,400,Computational Social Science,ml,
2025-06-02,ollama.chat - KeyError or ValueError,400,Digital Cultural Heritage,mr,
2025-06-02,ollama.chat - KeyError or ValueError,400,Computational Social Science,et,
2025-06-02,ollama.chat - KeyError or ValueError,400,Computational Humanities,ru,
2025-06-02,ollama.chat - KeyError or ValueError,400,Computational Social Science,sr,
2025-06-02,ollama.chat - KeyError or ValueError,400,Computational Humanities,ss,
2025-06-02,ollama.chat - KeyError or ValueError,400,Digital Cultural Heritage,to,
2025-06-02,ollama.chat - KeyError or ValueError,400,Computational Humanities,ml,
2025-06-02,ollama.chat - KeyError or ValueError,400,Public History,et,
2025-06-02,ollama.chat - KeyError or ValueError,400,Digital Cultural Heritage,gn,
2025-06-02,ollama.chat - KeyError or ValueError,400,Computational Humanities,kk,
2025-06-02,ollama.chat - KeyError or ValueError,400,Digital Cultural Heritage,om,
2025-06-02,ollama.chat - KeyError or ValueError,400,Computational Humanities,kj,
2025-06-02,ollama.chat - KeyError or ValueError,400,Public History,mr,
2025-06-02,ollama.chat - KeyError or ValueError,400,Public History,lo,
2025-06-02,ollama.chat - KeyError or ValueError,400,Public History,xh,
2025-06-02,ollama.chat - KeyError or ValueError,400,Computational Humanities,sh,
2025-06-02,ollama.chat - KeyError or ValueError,400,Computational Social Science,dv,
2025-06-02,ollama.chat - KeyError or ValueError,400,Computational Humanities,ve,
2025-06-02,ollama.chat - KeyError or ValueError,400,Humanities Data Science,sm,
2025-06-02,ollama.chat - KeyError or ValueError,400,Computational Humanities,oj,
2025-06-02,ollama.chat - KeyError or ValueError,400,Computational Social Science,az,
2025-06-02,ollama.chat - KeyError or ValueError,400,Digital Cultural Heritage,co,
2025-06-02,ollama.chat - KeyError or ValueError,400,Computational Humanities,vi,
2025-06-02,ollama.chat - KeyError or ValueError,400,Computational Humanities,sg,
2025-06-02,ollama.chat - KeyError or ValueError,400,Computational Humanities,tk,
2025-06-02,ollama.chat - KeyError or ValueError,400,Computational Social Science,pl,
2025-06-02,ollama.chat - KeyError or ValueError,400,Humanities Data Science,fr,
2025-06-02,ollama.chat - KeyError or ValueError,400,Humanities Data Science,ro,
2025-06-02,ollama.chat - KeyError or ValueError,400,Digital Cultural Heritage,ka,
2025-06-02,ollama.chat - KeyError or ValueError,400,Public History,om,
2025-06-02,ollama.chat - KeyError or ValueError,400,Computational Humanities,se,
2025-06-02,ollama.chat - KeyError or ValueError,400,Computational Humanities,om,
2025-06-02,ollama.chat - KeyError or ValueError,400,Digital Cultural Heritage,tn,
2025-06-02,ollama.chat - KeyError or ValueError,400,Digital Cultural Heritage,oc,
2025-06-02,ollama.chat - KeyError or ValueError,400,Computational Humanities,ne,
2025-06-02,ollama.chat - KeyError or ValueError,400,Computational Humanities,sm,
2025-06-02,ollama.chat - KeyError or ValueError,400,Digital Cultural Heritage,ur,
2025-06-02,ollama.chat - KeyError or ValueError,400,Public History,sv,
2025-06-02,ollama.chat - KeyError or ValueError,400,Humanities Data Science,to,
2025-06-02,ollama.chat - KeyError or ValueError,400,Public History,wa,
2025-06-02,ollama.chat - KeyError or ValueError,400,Computational Humanities,ts,
2025-06-02,ollama.chat - KeyError or ValueError,400,Computational Social Science,bn,
2025-06-02,ollama.chat - KeyError or ValueError,400,Computational Humanities,uk,
2025-06-02,ollama.chat - KeyError or ValueError,400,Public History,en,
2025-06-02,ollama.chat - KeyError or ValueError,400,Digital Cultural Heritage,pa,
2025-06-02,ollama.chat - KeyError or ValueError,400,Computational Social Science,os,
2025-06-02,ollama.chat - KeyError or ValueError,400,Computational Humanities,ps,
2025-06-02,ollama.chat - KeyError or ValueError,400,Humanities Data Science,ps,
2025-06-02,ollama.chat - KeyError or ValueError,400,Humanities Data Science,sl,
2025-06-02,ollama.chat - KeyError or ValueError,400,Humanities Data Science,lv,
2025-06-02,ollama.chat - KeyError or ValueError,400,Public History,oj,
2025-06-02,ollama.chat - KeyError or ValueError,400,Digital Cultural Heritage,ce,
2025-06-02,ollama.chat - KeyError or ValueError,400,Computational Social Science,ty,
2025-06-02,ollama.chat - KeyError or ValueError,400,Computational Humanities,is,
2025-06-02,ollama.chat - KeyError or ValueError,400,Humanities Data Science,et,
2025-06-02,ollama.chat - KeyError or ValueError,400,Humanities Data Science,ja,
2025-06-02,ollama.chat - KeyError or ValueError,400,Public History,za,
2025-06-02,ollama.chat - KeyError or ValueError,400,Public History,gv,
2025-06-02,ollama.chat - KeyError or ValueError,400,Digital Cultural Heritage,ch,
2025-06-02,ollama.chat - KeyError or ValueError,400,Humanities Data Science,zu,
2025-06-02,ollama.chat - KeyError or ValueError,400,Humanities Data Science,ko,
2025-06-02,ollama.chat - KeyError or ValueError,400,Humanities Data Science,fj,
2025-06-02,ollama.chat - KeyError or ValueError,400,Computational Humanities,zu,
2025-06-02,ollama.chat - KeyError or ValueError,400,Digital Cultural Heritage,ha,
2025-06-02,ollama.chat - KeyError or ValueError,400,Humanities Data Science,sa,
2025-06-02,ollama.chat - KeyError or ValueError,400,Computational Social Science,fi,
2025-06-02,ollama.chat - KeyError or ValueError,400,Digital Cultural Heritage,ca,
2025-06-02,ollama.chat - KeyError or ValueError,400,Digital Cultural Heritage,kn,
2025-06-02,ollama.chat - KeyError or ValueError,400,Humanities Data Science,br,
2025-06-02,ollama.chat - KeyError or ValueError,400,Humanities Data Science,om,
2025-06-02,ollama.chat - KeyError or ValueError,400,Computational Humanities,yi,
2025-06-02,ollama.chat - KeyError or ValueError,400,Humanities Data Science,sh,
2025-06-02,ollama.chat - KeyError or ValueError,400,Computational Social Science,be,
2025-06-02,ollama.chat - KeyError or ValueError,400,Computational Social Science,pi,
2025-06-02,ollama.chat - KeyError or ValueError,400,Humanities Data Science,tk,
2025-06-02,ollama.chat - KeyError or ValueError,400,Computational Humanities,sa,
2025-06-02,ollama.chat - KeyError or ValueError,400,Humanities Data Science,it,
2025-06-02,ollama.chat - KeyError or ValueError,400,Digital Cultural Heritage,aa,
2025-06-02,ollama.chat - KeyError or ValueError,400,Humanities Data Science,ab,
2025-06-02,ollama.chat - KeyError or ValueError,400,Computational Social Science,si,
2025-06-02,ollama.chat - KeyError or ValueError,400,Humanities Data Science,uz,
2025-06-02,ollama.chat - KeyError or ValueError,400,Humanities Data Science,oc,
2025-06-02,ollama.chat - KeyError or ValueError,400,Public History,tl,
2025-06-03,ollama.chat - KeyError or ValueError,400,Computational Humanities,br,
2025-06-03,ollama.chat - KeyError or ValueError,400,Computational Humanities,el,
2025-06-03,ollama.chat - KeyError or ValueError,400,Computational Humanities,ay,
2025-06-03,ollama.chat - KeyError or ValueError,400,Computational Humanities,eu,
2025-06-03,ollama.chat - KeyError or ValueError,400,Computational Humanities,be,
2025-06-03,ollama.chat - KeyError or ValueError,400,Computational Humanities,ca,
2025-06-03,ollama.chat - KeyError or ValueError,400,Computational Humanities,fo,
2025-06-03,ollama.chat - KeyError or ValueError,400,Computational Humanities,ak,
2025-06-03,ollama.chat - KeyError or ValueError,400,Computational Humanities,hr,
2025-06-03,ollama.chat - KeyError or ValueError,400,Computational Humanities,am,
2025-06-03,ollama.chat - KeyError or ValueError,400,Computational Humanities,gn,
2026-03-15,ollama.chat - General Exception,500,Computational Humanities,lg,
2026-03-15,ollama.chat - General Exception,500,Computational Humanities,gv,
2026-03-15,ollama.chat - General Exception,500,Computational Humanities,ru,
2026-03-15,ollama.chat - General Exception,500,Computational Humanities,ht,
2026-03-15,ollama.chat - General Exception,500,Computational Humanities,eo,
2026-03-15,ollama.chat - General Exception,500,Computational Humanities,ku,
2026-03-15,ollama.chat - General Exception,500,Computational Humanities,pt,
2026-03-15,ollama.chat - General Exception,500,Computational Humanities,om,
2026-03-15,ollama.chat - Parsing Error,400,Computational Humanities,cr,
2026-03-15,ollama.chat - General Exception,500,Computational Humanities,ee,
2026-03-15,ollama.chat - General Exception,500,Computational Humanities,nr,
2026-03-15,ollama.chat - Request Timeout,408,Computational Humanities,bi,
2026-03-15,ollama.chat - General Exception,500,Computational Humanities,ce,
2026-03-15,ollama.chat - Parsing Error,400,Computational Humanities,bn,
2026-03-15,ollama.chat - General Exception,500,Computational Humanities,sa,
2026-03-15,ollama.chat - General Exception,500,Computational Humanities,ho,
2026-03-15,ollama.chat - General Exception,500,Computational Humanities,ko,
2026-03-15,ollama.chat - General Exception,500,Computational Humanities,so,
2026-03-15,ollama.chat - General Exception,500,Computational Humanities,si,
2026-03-15,ollama.chat - General Exception,500,Computational Humanities,nb,
2026-03-15,ollama.chat - General Exception,500,Computational Humanities,nn,
2026-03-15,ollama.chat - General Exception,500,Computational Humanities,da,
2026-03-15,ollama.chat - Parsing Error,400,Computational Humanities,dv,
2026-03-15,ollama.chat - General Exception,500,Computational Humanities,os,
2026-03-15,ollama.chat - General Exception,500,Computational Humanities,la,
2026-03-15,ollama.chat - General Exception,500,Computational Humanities,kv,
2026-03-15,ollama.chat - General Exception,500,Computational Humanities,br,
2026-03-15,ollama.chat - General Exception,500,Computational Humanities,kw,
2026-03-15,ollama.chat - General Exception,500,Computational Humanities,fj,
2026-03-15,ollama.chat - General Exception,500,Computational Humanities,ia,
2026-03-15,ollama.chat - Parsing Error,400,Computational Humanities,ae,
2026-03-15,ollama.chat - General Exception,500,Computational Humanities,hr,
2026-03-15,ollama.chat - General Exception,500,Computational Humanities,fo,
2026-03-15,ollama.chat - General Exception,500,Computational Humanities,ar,
2026-03-15,ollama.chat - General Exception,500,Computational Humanities,bi,
2026-03-15,ollama.chat - General Exception,500,Computational Humanities,sr,
2026-03-15,ollama.chat - General Exception,500,Computational Humanities,mk,
2026-03-15,ollama.chat - General Exception,500,Computational Humanities,kj,
2026-03-15,ollama.chat - General Exception,500,Computational Humanities,he,
2026-03-15,ollama.chat - General Exception,500,Computational Humanities,mi,
2026-03-15,ollama.chat - General Exception,500,Computational Humanities,az,
2026-03-15,ollama.chat - General Exception,500,Computational Humanities,as,
2026-03-15,ollama.chat - Request Timeout,408,Computational Humanities,bg,
2026-03-15,ollama.chat - General Exception,500,Computational Humanities,sh,
2026-03-15,ollama.chat - General Exception,500,Computational Humanities,sl,
2026-03-15,ollama.chat - General Exception,500,Computational Humanities,mr,
2026-03-15,ollama.chat - General Exception,500,Computational Humanities,se,
2026-03-15,ollama.chat - General Exception,500,Computational Humanities,ch,
2026-03-15,ollama.chat - General Exception,500,Computational Humanities,fa,
2026-03-15,ollama.chat - General Exception,500,Computational Humanities,be,
2026-03-15,ollama.chat - General Exception,500,Computational Humanities,nd,
2026-03-15,ollama.chat - General Exception,500,Computational Humanities,rm,
2026-03-15,ollama.chat - Parsing Error,400,Computational Humanities,ab,
2026-03-15,ollama.chat - KeyError or ValueError,400,Computational Humanities,aa,
2026-03-15,ollama.chat - General Exception,500,Computational Humanities,or,
2026-03-15,ollama.chat - General Exception,500,Computational Humanities,sk,
2026-03-15,ollama.chat - General Exception,500,Computational Humanities,gd,
2026-03-15,ollama.chat - General Exception,500,Computational Humanities,gn,
2026-03-15,ollama.chat - General Exception,500,Computational Humanities,ln,
2026-03-15,ollama.chat - Request Timeout,408,Computational Humanities,ba,
2026-03-15,ollama.chat - General Exception,500,Computational Humanities,kr,
2026-03-15,ollama.chat - Parsing Error,400,Computational Humanities,bi,
2026-03-15,ollama.chat - Parsing Error,400,Computational Humanities,za,
2026-03-15,ollama.chat - General Exception,500,Computational Humanities,hu,
2026-03-15,ollama.chat - General Exception,500,Computational Humanities,ca,
2026-03-15,ollama.chat - General Exception,500,Computational Humanities,km,
2026-03-15,ollama.chat - Parsing Error,400,Computational Humanities,bs,
2026-03-15,ollama.chat - Parsing Error,400,Computational Humanities,af,
2026-03-15,ollama.chat - Parsing Error,400,Computational Humanities,bg,
2026-03-15,ollama.chat - General Exception,500,Computational Humanities,lo,
2026-03-15,ollama.chat - General Exception,500,Computational Humanities,pi,
2026-03-15,ollama.chat - General Exception,500,Computational Humanities,eu,
2026-03-15,ollama.chat - General Exception,500,Computational Humanities,dz,
2026-03-15,ollama.chat - Parsing Error,400,Computational Humanities,bm,
2026-03-15,ollama.chat - General Exception,500,Computational Humanities,oc,
2026-03-15,ollama.chat - General Exception,500,Computational Humanities,gl,
2026-03-15,ollama.chat - General Exception,500,Computational Humanities,lt,
2026-03-15,ollama.chat - General Exception,500,Computational Humanities,ig,
2026-03-15,ollama.chat - General Exception,500,Computational Humanities,lv,
2026-03-15,ollama.chat - General Exception,500,Computational Humanities,ny,
2026-03-15,ollama.chat - General Exception,500,Computational Humanities,mt,
2026-03-15,ollama.chat - General Exception,500,Computational Humanities,en,
2026-03-15,ollama.chat - General Exception,500,Computational Humanities,cu,
2026-03-15,ollama.chat - General Exception,500,Computational Humanities,ky,
2026-03-15,ollama.chat - Parsing Error,400,Computational Humanities,ak,
2026-03-15,ollama.chat - General Exception,500,Computational Humanities,ja,
2026-03-15,ollama.chat - General Exception,500,Computational Humanities,nv,
2026-03-15,ollama.chat - Parsing Error,400,Computational Humanities,ca,
2026-03-15,ollama.chat - General Exception,500,Computational Humanities,pa,
2026-03-15,ollama.chat - General Exception,500,Computational Humanities,ng,
2026-03-15,ollama.chat - General Exception,500,Computational Humanities,es,
2026-03-15,ollama.chat - General Exception,500,Computational Humanities,nl,
2026-03-15,ollama.chat - General Exception,500,Computational Humanities,qu,
2026-03-15,ollama.chat - General Exception,500,Computational Humanities,is,
2026-03-15,ollama.chat - General Exception,500,Computational Humanities,sd,
2026-03-15,ollama.chat - General Exception,500,Computational Humanities,ne,
2026-03-15,ollama.chat - Parsing Error,400,Computational Humanities,eo,
2026-03-15,ollama.chat - Parsing Error,400,Computational Humanities,bh,
2026-03-15,ollama.chat - General Exception,500,Computational Humanities,fr,
2026-03-15,ollama.chat - Parsing Error,400,Computational Humanities,lg,
2026-03-15,ollama.chat - General Exception,500,Computational Humanities,dv,
2026-03-15,ollama.chat - General Exception,500,Computational Humanities,bg,
2026-03-15,ollama.chat - General Exception,500,Computational Humanities,kg,
2026-03-15,ollama.chat - General Exception,500,Computational Humanities,av,
2026-03-15,ollama.chat - General Exception,500,Computational Humanities,iu,
2026-03-15,ollama.chat - General Exception,500,Computational Humanities,oj,
2026-03-15,ollama.chat - General Exception,500,Computational Humanities,sm,
2026-03-15,ollama.chat - General Exception,500,Computational Humanities,mg,
2026-03-15,ollama.chat - General Exception,500,Computational Humanities,ml,
2026-03-15,ollama.chat - General Exception,500,Computational Humanities,fy,
2026-03-15,ollama.chat - General Exception,500,Computational Humanities,ay,
2026-03-15,ollama.chat - Parsing Error,400,Computational Humanities,el,
2026-03-15,ollama.chat - General Exception,500,Computational Humanities,bm,
2026-03-15,ollama.chat - General Exception,500,Computational Humanities,bn,
2026-03-15,ollama.chat - Request Timeout,408,Computational Humanities,bm,
2026-03-15,ollama.chat - General Exception,500,Computational Humanities,aa,
2026-03-15,ollama.chat - General Exception,500,Computational Humanities,ff,
2026-03-15,ollama.chat - General Exception,500,Computational Humanities,mn,
2026-03-15,ollama.chat - General Exception,500,Computational Humanities,sq,
2026-03-15,ollama.chat - General Exception,500,Computational Humanities,cv,
2026-03-15,ollama.chat - Parsing Error,400,Computational Humanities,cy,
2026-03-15,ollama.chat - General Exception,500,Computational Humanities,na,
2026-03-15,ollama.chat - General Exception,500,Computational Humanities,hi,
2026-03-15,ollama.chat - General Exception,500,Computational Humanities,bo,
2026-03-15,ollama.chat - Parsing Error,400,Computational Humanities,am,
2026-03-15,ollama.chat - Request Timeout,408,Computational Humanities,bh,
2026-03-15,ollama.chat - Parsing Error,400,Computational Humanities,be,
2026-03-15,ollama.chat - General Exception,500,Computational Humanities,am,
2026-03-15,ollama.chat - General Exception,500,Computational Humanities,ka,
2026-03-15,ollama.chat - Parsing Error,400,Computational Humanities,bo,
2026-03-15,ollama.chat - Parsing Error,400,Computational Humanities,br,
2026-03-15,ollama.chat - General Exception,500,Computational Humanities,cy,
2026-03-15,ollama.chat - General Exception,500,Computational Humanities,rw,
2026-03-15,ollama.chat - General Exception,500,Computational Humanities,ki,
2026-03-15,ollama.chat - General Exception,500,Computational Humanities,cr,
2026-03-15,ollama.chat - Parsing Error,400,Computational Humanities,aa,
2026-03-15,ollama.chat - General Exception,500,Computational Humanities,sg,
2026-03-15,ollama.chat - Request Timeout,408,Computational Humanities,be,
2026-03-15,ollama.chat - General Exception,500,Computational Humanities,ak,
2026-03-15,ollama.chat - General Exception,500,Computational Humanities,et,
2026-03-15,ollama.chat - General Exception,500,Computational Humanities,ab,
2026-03-15,ollama.chat - General Exception,500,Computational Humanities,mh,
2026-03-15,ollama.chat - General Exception,500,Computational Humanities,ii,
2026-03-15,ollama.chat - General Exception,500,Computational Humanities,an,
2026-03-15,ollama.chat - General Exception,500,Computational Humanities,lu,
2026-03-15,ollama.chat - General Exception,500,Computational Humanities,bs,
2026-03-15,ollama.chat - General Exception,500,Computational Humanities,ae,
2026-03-15,ollama.chat - Parsing Error,400,Computational Humanities,fa,
2026-03-15,ollama.chat - General Exception,500,Computational Humanities,el,
2026-03-15,ollama.chat - General Exception,500,Computational Humanities,ks,
2026-03-15,ollama.chat - General Exception,500,Computational Humanities,ps,
2026-03-15,ollama.chat - General Exception,500,Computational Humanities,kk,
2026-03-15,ollama.chat - Parsing Error,400,Computational Humanities,zu,
2026-03-15,ollama.chat - General Exception,500,Computational Humanities,co,
2026-03-15,ollama.chat - General Exception,500,Computational Humanities,ms,
2026-03-15,ollama.chat - General Exception,500,Computational Humanities,bh,
2026-03-15,ollama.chat - General Exception,500,Computational Humanities,kl,
2026-03-15,ollama.chat - General Exception,500,Computational Humanities,io,
2026-03-15,ollama.chat - General Exception,500,Computational Humanities,af,
2026-03-15,ollama.chat - General Exception,500,Computational Humanities,sc,
2026-03-15,ollama.chat - General Exception,500,Computational Humanities,my,
2026-03-15,ollama.chat - General Exception,500,Computational Humanities,hz,
2026-03-15,ollama.chat - Parsing Error,400,Computational Humanities,co,
2026-03-15,ollama.chat - General Exception,500,Computational Humanities,jv,
2026-03-15,ollama.chat - General Exception,500,Computational Humanities,no,
2026-03-15,ollama.chat - Parsing Error,400,Computational Humanities,dz,
2026-03-15,ollama.chat - General Exception,500,Computational Humanities,lb,
2026-03-15,ollama.chat - Parsing Error,400,Computational Humanities,de,
2026-03-15,ollama.chat - Parsing Error,400,Computational Humanities,ce,
2026-03-15,ollama.chat - General Exception,500,Computational Humanities,sn,
2026-03-15,ollama.chat - General Exception,500,Computational Humanities,it,
2026-03-15,ollama.chat - General Exception,500,Computational Humanities,kn,
2026-03-15,ollama.chat - General Exception,500,Computational Humanities,li,
2026-03-15,ollama.chat - General Exception,500,Computational Humanities,ik,
2026-03-15,ollama.chat - General Exception,500,Computational Humanities,gu,
2026-03-15,ollama.chat - Parsing Error,400,Computational Humanities,ru,
2026-03-15,ollama.chat - General Exception,500,Computational Humanities,ha,
2026-03-15,ollama.chat - Parsing Error,400,Computational Humanities,os,
2026-03-15,ollama.chat - Parsing Error,400,Computational Humanities,av,
2026-03-15,ollama.chat - General Exception,500,Computational Humanities,de,
2026-03-15,ollama.chat - Parsing Error,400,Computational Humanities,az,
2026-03-15,ollama.chat - Parsing Error,400,Computational Humanities,cs,
2026-03-15,ollama.chat - Parsing Error,400,Computational Humanities,as,
2026-03-15,ollama.chat - Parsing Error,400,Computational Humanities,cu,
2026-03-15,ollama.chat - Parsing Error,400,Computational Humanities,an,
2026-03-15,ollama.chat - General Exception,500,Computational Humanities,hy,
2026-03-15,ollama.chat - General Exception,500,Computational Humanities,rn,
2026-03-15,ollama.chat - General Exception,500,Computational Humanities,ba,
2026-03-15,ollama.chat - General Exception,500,Computational Humanities,pl,
2026-03-15,ollama.chat - Parsing Error,400,Computational Humanities,cv,
2026-03-15,ollama.chat - General Exception,500,Computational Humanities,id,
2026-03-15,ollama.chat - Parsing Error,400,Computational Humanities,ee,
2026-03-15,ollama.chat - General Exception,500,Computational Humanities,fi,
2026-03-15,ollama.chat - General Exception,500,Computational Humanities,cs,
2026-03-15,ollama.chat - General Exception,500,Computational Humanities,ga,
2026-03-15,ollama.chat - General Exception,500,Computational Humanities,ie,
2026-03-15,ollama.chat - General Exception,500,Computational Humanities,ro,
2026-04-03,ollama.chat - Parsing Error,400,Digital Humanities,sc,
2026-04-03,ollama.chat - Parsing Error,400,Digital Humanities,sa,
2026-04-03,ollama.chat - Parsing Error,400,Digital Humanities,kw,
2026-04-03,ollama.chat - Parsing Error,400,Digital Humanities,ny,
2026-04-03,ollama.chat - Parsing Error,400,Digital Humanities,qu,
2026-04-03,ollama.chat - Parsing Error,400,Digital Humanities,an,
2026-04-03,ollama.chat - Parsing Error,400,Digital Humanities,it,
2026-04-03,ollama.chat - Parsing Error,400,Digital Humanities,io,
2026-04-03,ollama.chat - Parsing Error,400,Digital Humanities,tl,
2026-04-03,ollama.chat - Parsing Error,400,Digital Humanities,hi,
2026-04-03,ollama.chat - Parsing Error,400,Digital Humanities,fj,
2026-04-03,ollama.chat - Parsing Error,400,Digital Humanities,rm,
2026-04-03,ollama.chat - Parsing Error,400,Digital Humanities,bo,
2026-04-03,ollama.chat - Parsing Error,400,Digital Humanities,mk,
2026-04-03,ollama.chat - Parsing Error,400,Digital Humanities,fa,
2026-04-03,ollama.chat - Parsing Error,400,Digital Humanities,nv,
2026-04-03,ollama.chat - Parsing Error,400,Digital Humanities,sq,
2026-04-03,ollama.chat - Parsing Error,400,Digital Humanities,ay,
2026-04-03,ollama.chat - Parsing Error,400,Digital Humanities,ps,
2026-04-03,ollama.chat - Parsing Error,400,Digital Humanities,ko,
2026-04-03,ollama.chat - Parsing Error,400,Digital Humanities,gv,
2026-04-03,ollama.chat - Parsing Error,400,Digital Humanities,eu,
2026-04-03,ollama.chat - Parsing Error,400,Digital Humanities,mt,
2026-04-03,ollama.chat - Parsing Error,400,Digital Humanities,wa,
2026-04-03,ollama.chat - Parsing Error,400,Digital Humanities,ca,
2026-04-03,ollama.chat - Parsing Error,400,Digital Humanities,bm,
2026-04-03,ollama.chat - Parsing Error,400,Digital Humanities,sm,
2026-04-07,ollama.chat - Parsing Error,400,Digital Humanities,war,
2026-04-07,ollama.chat - Parsing Error,400,Digital Humanities,vec,
2026-04-07,ollama.chat - Parsing Error,400,Digital Humanities,mwl,
2026-04-07,ollama.chat - Parsing Error,400,Digital Humanities,jbo,
2026-04-07,ollama.chat - Parsing Error,400,Digital Humanities,cdo,
2026-04-07,ollama.chat - Parsing Error,400,Digital Humanities,zh-classical,
2026-04-07,ollama.chat - Parsing Error,400,Digital Humanities,arc,
2026-04-07,ollama.chat - Parsing Error,400,Digital Humanities,pih,
2026-04-07,ollama.chat - Parsing Error,400,Digital Humanities,tlh,
2026-04-07,ollama.chat - Parsing Error,400,Digital Humanities,sco,
2026-04-07,ollama.chat - Parsing Error,400,Digital Humanities,hak,
2026-04-07,ollama.chat - Parsing Error,400,Digital Humanities,bar,
2026-04-07,ollama.chat - Parsing Error,400,Digital Humanities,gil,
2026-04-07,ollama.chat - Parsing Error,400,Digital Humanities,lan,
2026-04-07,ollama.chat - Parsing Error,400,Digital Humanities,zh-tw,
2026-04-07,ollama.chat - Parsing Error,400,Digital Humanities,tet,
2026-04-07,ollama.chat - Parsing Error,400,Digital Humanities,xmf,
2026-04-07,ollama.chat - Parsing Error,400,Digital Humanities,nap,
2026-04-07,ollama.chat - Parsing Error,400,Digital Humanities,lij,
2026-04-18,ollama.chat - Parsing Error,400,Digital Humanities,bg,
2026-04-18,ollama.chat - Parsing Error,400,Digital Humanities,zh-min-nan,
2026-04-18,ollama.chat - Parsing Error,400,Digital Humanities,ch,
2026-04-18,ollama.chat - Parsing Error,400,Digital Humanities,cr,
2026-04-18,Ollama translation failed: 'utf-8' codec can't encode characters in position 2-4: surrogates not allowed,500,Ollama,,
2026-04-18,ollama.chat - Parsing Error,400,Digital Humanities,my,
2026-04-18,ollama.chat - Parsing Error,400,Digital Humanities,tokipona,
2026-04-19,ollama.chat - Parsing Error,400,Digital Humanities,cja,
2026-04-19,ollama.chat - Parsing Error,400,Digital Humanities,tgx,
2026-04-19,ollama.chat - Parsing Error,400,Digital Humanities,cad,
2026-04-19,ollama.chat - Parsing Error,400,Digital Humanities,sam,
2026-04-19,ollama.chat - Parsing Error,400,Digital Humanities,ojs,
2026-04-19,ollama.chat - Parsing Error,400,Digital Humanities,mgo,
2026-04-19,ollama.chat - Parsing Error,400,Digital Humanities,lzh,
2026-04-19,ollama.chat - Parsing Error,400,Digital Humanities,lol,
2026-04-19,ollama.chat - Parsing Error,400,Digital Humanities,lab,
2026-04-19,ollama.chat - Parsing Error,400,Digital Humanities,kkj,
2026-04-19,ollama.chat - Parsing Error,400,Digital Humanities,glk,
2026-04-19,ollama.chat - Parsing Error,400,Digital Humanities,gwi,
2026-04-19,ollama.chat - Parsing Error,400,Digital Humanities,gez,
2026-04-19,ollama.chat - Parsing Error,400,Digital Humanities,ebu,
2026-04-19,ollama.chat - Parsing Error,400,Digital Humanities,grt,
2026-04-19,ollama.chat - Parsing Error,400,Digital Humanities,wbq,
2026-04-19,ollama.chat - Parsing Error,400,Digital Humanities,ett,
2026-04-19,ollama.chat - Parsing Error,400,Digital Humanities,sei,
2026-04-19,ollama.chat - Parsing Error,400,Digital Humanities,ii,
2026-04-19,ollama.chat - Parsing Error,400,Digital Humanities,ro,
2026-04-19,ollama.chat - Parsing Error,400,Digital Humanities,unx,
2026-04-19,ollama.chat - Parsing Error,400,Digital Humanities,tcy,
2026-04-19,ollama.chat - Parsing Error,400,Digital Humanities,xpr,
2026-04-19,ollama.chat - Parsing Error,400,Digital Humanities,xld,
2026-04-19,ollama.chat - Parsing Error,400,Digital Humanities,mnc,
2026-04-19,ollama.chat - Parsing Error,400,Digital Humanities,hop,
2026-04-19,ollama.chat - Parsing Error,400,Digital Humanities,mga,
2026-04-20,ollama.chat - Parsing Error,400,Digital Humanities,tw,
2026-04-20,ollama.chat - Parsing Error,400,Digital Humanities,ace,
2026-04-20,ollama.chat - Parsing Error,400,Digital Humanities,pro,
2026-04-20,ollama.chat - Parsing Error,400,Digital Humanities,scn,
2026-04-20,ollama.chat - Parsing Error,400,Digital Humanities,yao,
2026-04-20,ollama.chat - Parsing Error,400,Digital Humanities,szl,
2026-04-20,ollama.chat - Parsing Error,400,Digital Humanities,amo,
2026-04-20,ollama.chat - Parsing Error,400,Digital Humanities,wae,
2026-04-20,ollama.chat - Parsing Error,400,Digital Humanities,aoz,
2026-04-20,ollama.chat - Parsing Error,400,Digital Humanities,as,
2026-04-20,ollama.chat - Parsing Error,400,Digital Humanities,zh-yue,
2026-04-20,ollama.chat - Parsing Error,400,Digital Humanities,den,
2026-04-20,ollama.chat - Parsing Error,400,Digital Humanities,br,
2026-04-20,ollama.chat - Parsing Error,400,Digital Humanities,tht,
2026-04-20,ollama.chat - Parsing Error,400,Digital Humanities,ttt,
2026-04-20,ollama.chat - Parsing Error,400,Digital Humanities,car,
2026-04-20,ollama.chat - Parsing Error,400,Digital Humanities,zbl,
2026-04-20,ollama.chat - Parsing Error,400,Digital Humanities,bla,
2026-04-20,ollama.chat - Parsing Error,400,Digital Humanities,ak,
2026-04-20,ollama.chat - Parsing Error,400,Digital Humanities,aln,
2026-04-20,ollama.chat - Parsing Error,400,Digital Humanities,ary,
2026-04-20,ollama.chat - Parsing Error,400,Digital Humanities,ase,
2026-04-20,ollama.chat - Parsing Error,400,Digital Humanities,to,
2026-04-20,ollama.chat - Parsing Error,400,Digital Humanities,bew,
2026-04-20,ollama.chat - Parsing Error,400,Digital Humanities,was,
2026-04-20,ollama.chat - Parsing Error,400,Digital Humanities,ike,
2026-04-20,ollama.chat - Parsing Error,400,Digital Humanities,osa,
2026-04-20,ollama.chat - Parsing Error,400,Digital Humanities,kht,
2026-04-20,ollama.chat - Parsing Error,400,Digital Humanities,gld,
2026-04-20,ollama.chat - Parsing Error,400,Digital Humanities,gn,
2026-04-20,ollama.chat - Parsing Error,400,Digital Humanities,goh,
2026-04-20,ollama.chat - Parsing Error,400,Digital Humanities,guc,
2026-04-20,ollama.chat - Parsing Error,400,Digital Humanities,bss,
2026-04-20,ollama.chat - Parsing Error,400,Digital Humanities,lis,
2026-04-20,ollama.chat - Parsing Error,400,Digital Humanities,crs,
2026-04-20,ollama.chat - Parsing Error,400,Digital Humanities,qug,
2026-04-20,ollama.chat - Parsing Error,400,Digital Humanities,sux,
2026-04-20,ollama.chat - Parsing Error,400,Digital Humanities,gvr,
2026-04-20,ollama.chat - Parsing Error,400,Digital Humanities,bxr,
2026-04-20,ollama.chat - Parsing Error,400,Digital Humanities,co,
2026-04-20,ollama.chat - Parsing Error,400,Digital Humanities,kvx,
2026-04-20,ollama.chat - Parsing Error,400,Digital Humanities,xcr,
2026-04-20,ollama.chat - Parsing Error,400,Digital Humanities,lag,
2026-04-20,ollama.chat - Parsing Error,400,Digital Humanities,akz,
2026-04-20,ollama.chat - Parsing Error,400,Digital Humanities,zun,
2026-04-20,ollama.chat - Parsing Error,400,Digital Humanities,ne,
2026-04-20,ollama.chat - Parsing Error,400,Digital Humanities,kiu,
2026-04-20,ollama.chat - Parsing Error,400,Digital Humanities,chp,
2026-04-20,ollama.chat - Parsing Error,400,Digital Humanities,kxp,
2026-04-20,ollama.chat - Parsing Error,400,Digital Humanities,frr,
2026-04-20,ollama.chat - Parsing Error,400,Digital Humanities,hoc,
2026-04-20,ollama.chat - Parsing Error,400,Digital Humanities,hur,
2026-04-20,ollama.chat - Parsing Error,400,Digital Humanities,pcd,
2026-04-20,ollama.chat - Parsing Error,400,Digital Humanities,tog,
2026-04-20,ollama.chat - Parsing Error,400,Digital Humanities,niu,
2026-04-20,ollama.chat - Parsing Error,400,Digital Humanities,vot,
2026-04-20,ollama.chat - Parsing Error,400,Digital Humanities,sas,
2026-04-20,ollama.chat - Parsing Error,400,Digital Humanities,myx,
2026-04-20,ollama.chat - Parsing Error,400,Digital Humanities,liv,
2026-04-20,ollama.chat - Parsing Error,400,Digital Humanities,lui,
2026-04-20,ollama.chat - Parsing Error,400,Digital Humanities,rhg,
2026-04-20,ollama.chat - Parsing Error,400,Digital Humanities,rar,
2026-04-20,ollama.chat - Parsing Error,400,Digital Humanities,sbp,
2026-04-20,ollama.chat - Parsing Error,400,Digital Humanities,hax,
2026-04-20,ollama.chat - Parsing Error,400,Digital Humanities,pis,
2026-04-20,ollama.chat - Parsing Error,400,Digital Humanities,rob,
2026-04-20,ollama.chat - Parsing Error,400,Digital Humanities,pms,
2026-04-20,ollama.chat - Parsing Error,400,Digital Humanities,pa,
2026-04-20,ollama.chat - Parsing Error,400,Digital Humanities,puu,
2026-04-20,ollama.chat - Parsing Error,400,Digital Humanities,xmn,
2026-04-20,ollama.chat - Parsing Error,400,Digital Humanities,kcg,
2026-04-20,ollama.chat - Parsing Error,400,Digital Humanities,ha,
2026-04-20,ollama.chat - Parsing Error,400,Digital Humanities,srb,
2026-04-20,ollama.chat - Parsing Error,400,Digital Humanities,pnt,
2026-04-20,ollama.chat - Parsing Error,400,Digital Humanities,ssy,
2026-04-20,ollama.chat - Parsing Error,400,Digital Humanities,krl,
2026-04-20,ollama.chat - Parsing Error,400,Digital Humanities,,
2026-04-20,ollama.chat - Parsing Error,400,Digital Humanities,clc,
2026-04-20,ollama.chat - Parsing Error,400,Digital Humanities,fro,
2026-04-20,ollama.chat - Parsing Error,400,Digital Humanities,sgs,
2026-04-20,ollama.chat - Parsing Error,400,Digital Humanities,bku,
2026-04-20,ollama.chat - Parsing Error,400,Digital Humanities,xav,
2026-04-20,ollama.chat - Parsing Error,400,Digital Humanities,vep,
2026-04-20,ollama.chat - Parsing Error,400,Digital Humanities,bal,
2026-04-20,ollama.chat - Parsing Error,400,Digital Humanities,bze,
2026-04-20,ollama.chat - Parsing Error,400,Digital Humanities,da,
2026-04-20,ollama.chat - Parsing Error,400,Digital Humanities,gag,
2026-04-20,ollama.chat - Parsing Error,400,Digital Humanities,he,
2026-04-20,ollama.chat - Parsing Error,400,Digital Humanities,syc,
2026-04-20,ollama.chat - Parsing Error,400,Digital Humanities,tem,
2026-04-20,ollama.chat - Parsing Error,400,Digital Humanities,ter,
2026-04-20,ollama.chat - Parsing Error,400,Digital Humanities,dyu,
2026-04-20,ollama.chat - Parsing Error,400,Digital Humanities,scs,
2026-04-20,ollama.chat - Parsing Error,400,Digital Humanities,sdc,
2026-04-20,ollama.chat - Parsing Error,400,Digital Humanities,aii,
2026-04-20,ollama.chat - Parsing Error,400,Digital Humanities,tum,
2026-04-20,ollama.chat - Parsing Error,400,Digital Humanities,kao,
2026-04-20,ollama.chat - Parsing Error,400,Digital Humanities,hai,
2026-04-20,ollama.chat - Parsing Error,400,Digital Humanities,fur,
2026-04-20,ollama.chat - Parsing Error,400,Digital Humanities,frp,
2026-04-20,ollama.chat - Parsing Error,400,Digital Humanities,ta,
2026-04-20,ollama.chat - Parsing Error,400,Digital Humanities,tce,
2026-04-20,ollama.chat - Parsing Error,400,Digital Humanities,myz,
2026-04-20,ollama.chat - Parsing Error,400,Digital Humanities,nij,
2026-04-20,ollama.chat - Parsing Error,400,Digital Humanities,ota,
2026-04-20,ollama.chat - Parsing Error,400,Digital Humanities,rjs,
2026-04-20,ollama.chat - Parsing Error,400,Digital Humanities,su,
2026-04-20,ollama.chat - Parsing Error,400,Digital Humanities,tvl,
2026-04-20,ollama.chat - Parsing Error,400,Digital Humanities,gan,
2026-04-21,ollama.chat - Parsing Error,400,Digital Humanities,arq,
2026-04-21,ollama.chat - Parsing Error,400,Digital Humanities,arz,
2026-04-21,ollama.chat - Parsing Error,400,Digital Humanities,bap,
2026-04-21,ollama.chat - Parsing Error,400,Digital Humanities,bjn,
2026-04-21,ollama.chat - Parsing Error,400,Digital Humanities,diq,
2026-04-21,ollama.chat - Parsing Error,400,Digital Humanities,grc,
2026-04-21,ollama.chat - Parsing Error,400,Digital Humanities,mo,
