"language_code","language_name","term_source","gt_translated_term","term","wikipedia_translated_term","coding_dh_date","exclude_google_cloud_translate","family_name"
"zh-classical","Classical Chinese","Digital Humanities","","","","2026-04-21 23:18:08","",""
"zg","Moroccan Amazigh","Digital Humanities","","","","2026-04-21 23:18:08","",""
"tokipona","tokipona","Digital Humanities","","","","2026-04-21 23:18:08","",""
"see also: test languages at the Wikimedia Incubator","see also: test languages at the Wikimedia Incubator","Digital Humanities","","","","2026-04-21 23:18:08","",""
"roa-rup","Aromanian","Digital Humanities","","","","2026-04-21 23:18:08","",""
"map-bms","Banyumasan","Digital Humanities","","","","2026-04-21 23:18:08","",""
"fiu-vro","Võro","Digital Humanities","","","","2026-04-21 23:18:08","",""
"bat-smg","Samogitian","Digital Humanities","","","","2026-04-21 23:18:08","",""
"os","Ossetic","Digital Humanities","Нымæцон гуманитарон зонæдтæ","","","2026-04-19 20:21:41","","Indo-European languages"
"pap","Papiamento","Digital Humanities","Humanidatnan Digital","","","2026-04-19 20:21:41","","Creolesandpidgins"
"dv","Divehi","Digital Humanities","ދިރާގު ހިއުމަނިޓީސް އެވެ","","","2026-04-19 20:21:41","","Indo-European languages"
"ca","Catalan","Digital Humanities","Humanitats Digitals","","","2026-04-19 20:21:41","","Indo-European languages"
"war","Waray","Digital Humanities","Digital nga Katawohan","","","2026-04-19 20:21:41","","Austronesian languages"
"bn","Bangla","Digital Humanities","ডিজিটাল মানববিদ্যা","","","2026-04-19 20:21:41","","Indo-European languages"
"new","Newari","Digital Humanities","डिजिटल मानविकी","","","2026-04-19 20:21:41","","Sino-Tibetan languages"
"mr","Marathi","Digital Humanities","डिजिटल मानविकी","","","2026-04-19 20:21:41","","Indo-European languages"
"ilo","Iloko","Digital Humanities","Digital a Humanities","","","2026-04-19 20:21:41","","Austronesian languages"
"ht","Haitian Creole","Digital Humanities","Syans Imanitè Dijital","","","2026-04-19 20:21:41","","Indo-European languages"
"ky","Kyrgyz","Digital Humanities","Санариптик гуманитардык илимдер","","","2026-04-19 20:21:41","","Altaic languages"
"he","Hebrew","Digital Humanities","מדעי הרוח הדיגיטליים","","","2026-04-19 20:21:41","","Afro-Asiatic languages"
"gn","Guarani","Digital Humanities","Humanidades Digitales rehegua","","","2026-04-19 20:21:41","","South American Indian languages"
"sl","Slovenian","Digital Humanities","Digitalna humanistika","","","2026-04-19 20:21:41","","Indo-European languages"
"ckb","Central Kurdish","Digital Humanities","زانستە مرۆییە دیجیتاڵییەکان","","","2026-04-19 20:21:41","","Indo-European languages"
"sh","Serbo-Croatian","Digital Humanities","Дигиталне хуманистичке науке","","","2026-04-19 20:21:41","","Indo-European languages"
"to","Tongan","Digital Humanities","Ngaahi Ngaue Fakaetangata Fakakomipiuta","","","2026-04-19 20:21:41","","Austronesian languages"
"el","Greek","Digital Humanities","Ψηφιακές Ανθρωπιστικές Επιστήμες","","","2026-04-19 20:21:41","","Indo-European languages"
"ab","Abkhazian","Digital Humanities","Ацифратә гуманитартә ҵарақәа","","","2026-04-19 20:21:41","","Caucasian languages"
"or","Odia","Digital Humanities","ଡିଜିଟାଲ୍ ମାନବିକତା","","","2026-04-19 20:21:41","","Indo-European languages"
"es","Spanish","Digital Humanities","Humanidades digitales","","","2026-04-19 20:21:41","","Indo-European languages"
"sa","Sanskrit","Digital Humanities","डिजिटल मानविकी","","","2026-04-19 20:21:41","","Indo-European languages"
"ro","Romanian","Digital Humanities","Științe Umaniste Digitale","","","2026-04-19 20:21:41","","Indo-European languages"
"ug","Uyghur","Digital Humanities","رەقەملىك ئىنسانىيەت","","","2026-04-19 20:21:41","","Altaic languages"
"lg","Ganda","Digital Humanities","Eby’obuntubulamu ebya Digital","","","2026-04-19 20:21:41","","Niger-Kordofanian languages"
"pa","Punjabi","Digital Humanities","ਡਿਜੀਟਲ ਹਿਊਮੈਨਿਟੀਜ਼","","","2026-04-19 20:21:41","","Indo-European languages"
"pam","Pampanga","Digital Humanities","Digital Humanities","","","2026-04-19 20:21:41","","Austronesian languages"
"ny","Nyanja","Digital Humanities","Zaumunthu Za digito","","","2026-04-19 20:21:41","","Niger-Kordofanian languages"
"rn","Rundi","Digital Humanities","Ubumuntu bwa digitale","","","2026-04-19 20:21:41","","Niger-Kordofanian languages"
"si","Sinhala","Digital Humanities","ඩිජිටල් මානව ශාස්ත්‍ර","","","2026-04-19 20:21:41","","Indo-European languages"
"ps","Pashto","Digital Humanities","ډیجیټل انسانیتونه","","","2026-04-19 20:21:41","","Indo-European languages"
"nds","Low German / Low Saxon","Digital Humanities","","","","2026-04-19 16:41:38","True","Indo-European languages"
"br","Breton","Digital Humanities","Skiantoù mab-den niverel","","","2026-04-19 16:41:38","","Indo-European languages"
"ba","Bashkir","Digital Humanities","Һанлы гуманитар фәндәр","","","2026-04-19 16:41:38","","Altaic languages"
"bxr","Buriat (Russia)","Digital Humanities","Тоон гуманитарна эрдэмүүд","","","2026-04-19 16:41:38","","Altaic languages"
"bcl","Bikol","Digital Humanities","Digital Humanities","","","2026-04-19 16:41:38","","Austronesian languages"
"be-x-old","Belarusian (Taraškievica)","Digital Humanities","Лічбавыя гуманітарныя навукі","","","2026-04-19 16:41:38","","Indo-European languages"
"be","Belarusian","Digital Humanities","Лічбавыя гуманітарныя навукі","","","2026-04-19 16:41:38","","Indo-European languages"
"bh","Bihari","Digital Humanities","डिजिटल मानविकी के बारे में बतावल गइल बा","","","2026-04-19 16:41:38","","Indo-European languages"
"ga","Irish","Digital Humanities","Daonnachtaí Digiteacha","","","2026-04-19 16:41:38","","Indo-European languages"
"bg","Bulgarian","Digital Humanities","Дигитални хуманитарни науки","","","2026-04-19 16:41:38","","Indo-European languages"
"dyu","Dyula","Digital Humanities","Adamadenw ka lɔnniya","","","2026-04-19 16:41:38","","Niger-Kordofanian languages"
"fo","Faroese","Digital Humanities","Talgild hugvísindi","","","2026-04-19 16:41:38","","Indo-European languages"
"gd","Scottish Gaelic","Digital Humanities","Daonnachdan Didseatach","","","2026-04-19 16:41:38","","Indo-European languages"
"gl","Galician","Digital Humanities","Humanidades Dixitais","","","2026-04-19 16:41:38","","Indo-European languages"
"kv","Komi","Digital Humanities","Цифрӧвӧй гуманитарнӧй наукаяс","","","2026-04-19 16:41:38","","Uralic languages"
"la","Latin","Digital Humanities","Humanitates Digitales","","","2026-04-19 16:41:38","","Indo-European languages"
"lb","Luxembourgish","Digital Humanities","Digital Humanities","","","2026-04-19 16:41:38","","Indo-European languages"
"ay","Aymara","Digital Humanities","Humanidades Digitales uka tuqit yatxataña","","","2026-04-19 16:41:38","","South American Indian languages"
"bin","Bini","Digital Humanities","","","","2026-04-19 16:41:38","","Niger-Kordofanian languages"
"bkm","Kom","Digital Humanities","","","","2026-04-19 16:41:38","","Niger-Kordofanian languages"
"grt","Garo","Digital Humanities","","","","2026-04-19 16:41:38","","Sino-Tibetan languages"
"km","Khmer","Digital Humanities","មនុស្សសាស្ត្រឌីជីថល","","","2026-04-19 16:41:38","","Austro-Asiatic languages"
"ku","Kurdish","Digital Humanities","Mirovahiyên Dîjîtal","","","2026-04-19 16:41:38","","Indo-European languages"
"dtm","Tomo Kan Dogon","Digital Humanities","","","","2026-04-19 16:41:38","","Nilo-Saharan languages"
"fud","East Futuna","Digital Humanities","","","","2026-04-19 16:41:38","","Austronesian languages"
"pt","Portuguese","Digital Humanities","Humanidades Digitais","","","2026-04-19 16:41:38","","Indo-European languages"
"dz","Dzongkha","Digital Humanities","དྲ་རྒྱའི་མི་རིགས།","","","2026-04-19 16:41:38","","Indo-European languages"
"fi","Finnish","Digital Humanities","Digitaaliset humanistiset tieteet","","","2026-04-19 16:41:38","","Uralic languages"
"fj","Fijian","Digital Humanities","Digitaki ni tamata","","","2026-04-19 16:41:38","","Austronesian languages"
"li","Limburgish","Digital Humanities","Digitale geestesweitesjappe","","","2026-04-19 16:41:38","","Indo-European languages"
"fr","French","Digital Humanities","Humanités numériques","","","2026-04-19 16:41:38","","Indo-European languages"
"fy","Western Frisian","Digital Humanities","Digitale Humaniora","","","2026-04-19 16:41:38","","Indo-European languages"
"av","Avaric","Digital Humanities","Цифралъулал гуманитариялин абулел","","","2026-04-19 16:41:38","","Caucasian languages"
"ceb","Cebuano","Digital Humanities","Digital nga mga Humanidad","","","2026-04-19 16:41:38","","Austronesian languages"
"fuv","Nigerian Fulfulde","Digital Humanities","","","","2026-04-19 16:41:38","","Niger-Kordofanian languages"
"rm","Romansh","Digital Humanities","","","","2026-04-19 16:41:38","True","Indo-European languages"
"sc","Sardinian","Digital Humanities","","","","2026-04-19 16:41:38","True","Indo-European languages"
"als","Alemannic","Digital Humanities","Shkencat Humane Dixhitale","","","2026-04-19 16:41:38","","Indo-European languages"
"tn","Tswana","Digital Humanities","Dithuto tsa Botho tsa Dijithale","","","2026-04-19 16:41:38","","Niger-Kordofanian languages"
"am","Amharic","Digital Humanities","ዲጂታል ሂውማኒቲስ","","","2026-04-19 16:41:38","","Afro-Asiatic languages"
"ar","Arabic","Digital Humanities","العلوم الإنسانية الرقمية","","","2026-04-19 16:41:38","","Afro-Asiatic languages"
"as","Assamese","Digital Humanities","ডিজিটেল মানৱীয় বিজ্ঞান","","","2026-04-19 16:41:38","","Indo-European languages"
"ha","Hausa","Digital Humanities","Dan Adam na Dijital","","","2026-04-19 16:41:38","","Afro-Asiatic languages"
"lij","Ligurian","Digital Humanities","Sciense umañe digitale","","","2026-04-19 16:41:38","","Indo-European languages"
"ka","Georgian","Digital Humanities","ციფრული ჰუმანიტარული მეცნიერებები","","","2026-04-19 16:41:38","","Caucasian languages"
"hu","Hungarian","Digital Humanities","Digitális humán tudományok","","","2026-04-19 16:41:38","","Uralic languages"
"hy","Armenian","Digital Humanities","Թվային հումանիտար գիտություններ","","","2026-04-19 16:41:38","","Indo-European languages"
"ewo","Ewondo","Digital Humanities","","","","2026-04-19 16:41:38","","Niger-Kordofanian languages"
"sco","Scots","Digital Humanities","","","","2026-04-19 16:41:38","True","Indo-European languages"
"ig","Igbo","Digital Humanities","Ụmụ mmadụ dijitalụ","","","2026-04-19 16:41:38","","Niger-Kordofanian languages"
"dak","Dakota","Digital Humanities","","","","2026-04-19 16:41:38","","North American Indian languages"
"ie","Interlingue","Digital Humanities","","","","2026-04-19 16:41:38","True","Artificial languages"
"ccp","Chakma","Digital Humanities","","","","2026-04-19 16:41:38","","Sino-Tibetan languages"
"ja","Japanese","Digital Humanities","デジタルヒューマニティーズ","","","2026-04-19 16:41:38","","Japanese (family)"
"jv","Javanese","Digital Humanities","Humaniora Digital","","","2026-04-19 16:41:38","","Austronesian languages"
"kg","Kongo","Digital Humanities","Bantu ya Dijital","","","2026-04-19 16:41:38","","Niger-Kordofanian languages"
"hr","Croatian","Digital Humanities","Digitalne humanističke znanosti","","","2026-04-19 16:41:38","","Indo-European languages"
"kk","Kazakh","Digital Humanities","Сандық гуманитарлық ғылымдар","","","2026-04-19 16:41:38","","Altaic languages"
"kl","Kalaallisut","Digital Humanities","Digitalimik inuussutissarsiorneq","","","2026-04-19 16:41:38","","North American Indian languages"
"hak","Hakka Chinese","Digital Humanities","","","","2026-04-19 16:41:38","True","Sino-Tibetan languages"
"ho","Hiri Motu","Digital Humanities","","","","2026-04-19 16:41:38","True","Creoles and pidgins"
"hz","Herero","Digital Humanities","","","","2026-04-19 16:41:38","True","Niger-Kordofanian languages"
"min","Minangkabau","Digital Humanities","Kamanusiaan Digital","","","2026-04-19 16:41:38","","Austronesian languages"
"cay","Cayuga","Digital Humanities","","","","2026-04-19 16:41:38","","North American Indian languages"
"mk","Macedonian","Digital Humanities","Дигитални хуманистички науки","","","2026-04-19 16:41:38","","Indo-European languages"
"chb","Chibcha","Digital Humanities","","","","2026-04-19 16:41:38","","Central American Indian languages"
"chg","Chagatai","Digital Humanities","","","","2026-04-19 16:41:38","","Altaic languages"
"hi","Hindi","Digital Humanities","डिजिटल मानविकी","","","2026-04-19 16:41:38","","Indo-European languages"
"lmo","Lombard","Digital Humanities","Scienzi umanistich digitai","","","2026-04-19 16:41:38","","Indo-European languages"
"mn","Mongolian","Digital Humanities","Дижитал хүмүүнлэгийн ухаан","","","2026-04-19 16:41:38","","Altaic languages"
"ln","Lingala","Digital Humanities","Humanités numériques","","","2026-04-19 16:41:38","","Niger-Kordofanian languages"
"lo","Lao","Digital Humanities","ມະນຸດສາດດິຈິຕອນ","","","2026-04-19 16:41:38","","Tai languages"
"tlh","Klingon","Digital Humanities","","","","2026-04-19 16:41:38","True","Artificial languages"
"sw","Swahili","Digital Humanities","Binadamu Dijitali","","","2026-04-19 16:41:38","","Niger-Kordofanian languages"
"mg","Malagasy","Digital Humanities","Siansa momba ny maha-olona nomerika","","","2026-04-19 16:41:38","","Austronesian languages"
"nap","Neapolitan","Digital Humanities","","","","2026-04-19 16:41:38","True","Indo-European languages"
"dar","Dargwa","Digital Humanities","","","","2026-04-19 16:41:38","","Caucasian languages"
"cgg","Chiga","Digital Humanities","Obuntu bwa Digito","","","2026-04-19 16:41:38","","Niger-Kordofanian languages"
"mh","Marshallese","Digital Humanities","Digital Humanities","","","2026-04-19 16:41:38","","Austronesian languages"
"ml","Malayalam","Digital Humanities","ഡിജിറ്റൽ ഹ്യുമാനിറ്റീസ്","","","2026-04-19 16:41:38","","Dravidian languages"
"mo","Moldovan","Digital Humanities","Științe Umaniste Digitale","","","2026-04-19 16:41:38","","Indo-European languages"
"kr","Kanuri","Digital Humanities","Ilmu adamganabe zamanbe","","","2026-04-19 16:41:38","","Nilo-Saharan languages"
"ko","Korean","Digital Humanities","디지털 인문학","","","2026-04-19 16:41:38","","Language isolate"
"kn","Kannada","Digital Humanities","ಡಿಜಿಟಲ್ ಮಾನವಿಕಗಳು","","","2026-04-19 16:41:38","","Dravidian languages"
"id","Indonesian","Digital Humanities","Humaniora Digital","","","2026-04-19 16:41:38","","Austronesian languages"
"fa","Persian","Digital Humanities","علوم انسانی دیجیتال","","","2026-04-19 16:41:38","","Indo-European languages"
"eka","Ekajuk","Digital Humanities","","","","2026-04-19 16:41:38","","Niger-Kordofanian languages"
"egl","Emilian","Digital Humanities","","","","2026-04-19 16:41:38","","Indo-European languages"
"it","Italian","Digital Humanities","Discipline umanistiche digitali","","","2026-04-19 16:41:38","","Indo-European languages"
"en","English","Digital Humanities","Digital Humanities","","","2026-04-19 16:41:38","","Indo-European languages"
"zh-yue","Cantonese","Digital Humanities","數碼人文","","","2026-04-19 16:41:38","","Sino-Tibetan languages"
"ee","Ewe","Digital Humanities","Digitál Amegbetɔŋutinunya","","","2026-04-19 16:41:38","","Niger-Kordofanian languages"
"tpi","Tok Pisin","Digital Humanities","Dijitel Humanitis","","","2026-04-19 16:41:38","","Creolesandpidgins"
"pl","Polish","Digital Humanities","Humanistyka cyfrowa","","","2026-04-19 16:41:38","","Indo-European languages"
"is","Icelandic","Digital Humanities","Stafræn hugvísindi","","","2026-04-19 16:41:38","","Indo-European languages"
"qu","Quechua","Digital Humanities","Humanidades Digitales nisqa","","","2026-04-19 16:41:38","","South American Indian languages"
"rmy","Romani","Digital Humanities","Digitalno Humaniàlo","","","2026-04-19 16:41:38","","Indo-European languages"
"ru","Russian","Digital Humanities","Цифровые гуманитарные науки","","","2026-04-19 16:41:38","","Indo-European languages"
"uz_AF","Uzbeki Afghanistan","Digital Humanities","","","","2026-04-19 16:41:38","True","Altaic languages"
"cja","Western Cham","Digital Humanities","","","","2026-04-19 16:41:38","","Austronesian languages"
"dnj","Dan","Digital Humanities","","","","2026-04-19 16:41:38","","Niger-Kordofanian languages"
"pms","Piedmontese","Digital Humanities","","","","2026-04-19 16:41:38","True","Indo-European languages"
"ike","Eastern Canadian Inuktitut","Digital Humanities","ᖃᕆᑕᐅᔭᒃᑯᑦ ᐃᓄᓕᕆᓂᕐᒧᑦ","","","2026-04-19 16:41:38","","Eskimo-Aleut languages"
"cu","Old Church Slavonic","Digital Humanities","","","","2026-04-19 16:41:38","True","Indo-European languages"
"gan","Gan Chinese","Digital Humanities","","","","2026-04-19 16:41:38","True","Sino-Tibetan languages"
"dsb","Lower Sorbian","Digital Humanities","","","","2026-04-19 16:41:38","True","Indo-European languages"
"dyo","Jola-Fonyi","Digital Humanities","","","","2026-04-19 16:41:38","","Niger-Kordofanian languages"
"frp","Arpitan / Franco-Provençal","Digital Humanities","","","","2026-04-19 16:41:38","True","Indo-European languages"
"ebu","Embu","Digital Humanities","","","","2026-04-19 16:41:38","","Niger-Kordofanian languages"
"gbm","Garhwali","Digital Humanities","","","","2026-04-19 16:41:38","True","Indo-European languages"
"wo","Wolof","Digital Humanities","Humanité numérique","","","2026-04-19 16:41:38","","Niger-Kordofanian languages"
"uk","Ukrainian","Digital Humanities","Цифрові гуманітарні науки","","","2026-04-19 16:41:38","","Indo-European languages"
"vo","Volapük","Digital Humanities","","","","2026-04-19 16:41:38","True","Artificial languages"
"yo","Yoruba","Digital Humanities","Àwọn Ènìyàn Oní-nọ́ńbà","","","2026-04-19 16:41:38","","Niger-Kordofanian languages"
"cic","Chickasaw","Digital Humanities","","","","2026-04-19 16:41:38","","North American Indian languages"
"izh","Ingrian","Digital Humanities","","","","2026-04-19 16:41:38","","Uralic languages"
"oc","Occitan","Digital Humanities","Umanitats numericas","","","2026-04-19 16:41:38","","Indo-European languages"
"hax","Southern Haida","Digital Humanities","","","","2026-04-19 16:41:38","","Language isolate"
"bi","Bislama","Digital Humanities","","","","2026-04-19 16:41:38","True","Austronesian languages"
"kge","Komering","Digital Humanities","","","","2026-04-19 16:41:38","","Austronesian languages"
"tg","Tajik","Digital Humanities","Гуманитаризми рақамӣ","","","2026-04-19 16:41:38","","Indo-European languages"
"kut","Kutenai","Digital Humanities","","","","2026-04-19 16:41:38","","Language isolate"
"brx","Boro","Digital Humanities","","","","2026-04-19 16:41:38","True","Indo-European languages"
"tkl","Tokelau","Digital Humanities","","","","2026-04-19 16:41:38","","Austronesian languages"
"io","Ido","Digital Humanities","","","","2026-04-19 16:41:38","True","Artificial languages"
"ext","Extremaduran","Digital Humanities","","","","2026-04-19 16:41:38","True","Indo-European languages"
"ang","Anglo-Saxon / Old English","Digital Humanities","","","","2026-04-19 16:41:38","True","Indo-European languages"
"ibb","Ibibio","Digital Humanities","","","","2026-04-19 16:41:38","","Niger-Kordofanian languages"
"oj","Ojibwe, Ojibwa","Digital Humanities","","","","2026-04-19 16:41:38","True","North American Indian languages"
"mus","Creek / Muskogee","Digital Humanities","","","","2026-04-19 16:41:38","True","North American Indian languages"
"ki","Kikuyu, Gikuyu","Digital Humanities","","","","2026-04-19 16:41:38","True","Niger-Kordofanian languages"
"cr","Cree","Digital Humanities","","","","2026-04-19 16:41:38","True","North American Indian languages"
"nah","Nahuatl","Digital Humanities","","","","2026-04-19 16:41:38","True","North American Indian languages"
"ksh","Ripuarian","Digital Humanities","","","","2026-04-19 16:41:38","True","Indo-European languages"
"xh","Xhosa","Digital Humanities","Uluntu lweDijithali","","","2026-04-19 16:41:38","","Niger-Kordofanian languages"
"chk","Chuukese","Digital Humanities","Aramas mi Digital","","","2026-04-19 16:41:38","","Austronesian languages"
"crk","Plains Cree","Digital Humanities","","","","2026-04-19 16:41:38","","North American Indian languages"
"zh","Chinese","Digital Humanities","数字人文","","","2026-04-19 16:41:38","","Sino-Tibetan languages"
"dje","Zarma","Digital Humanities","","","","2026-04-19 16:41:38","","Nilo-Saharan languages"
"uz","Uzbek","Digital Humanities","Raqamli gumanitar fanlar","","","2026-04-19 16:41:38","","Altaic languages"
"zu","Zulu","Digital Humanities","I-Digital Humanities","","","2026-04-19 16:41:38","","Niger-Kordofanian languages"
"hil","Hiligaynon","Digital Humanities","Digital Humanities","","","2026-04-19 16:41:38","","Austronesian languages"
"csb","Kashubian","Digital Humanities","","","","2026-04-19 16:41:38","True","Indo-European languages"
"nb","Norwegian Bokmål","Digital Humanities","Digital humaniora","","","2026-04-19 16:41:38","","Indo-European languages"
"hup","Hupa","Digital Humanities","","","","2026-04-19 16:41:38","","North American Indian languages"
"arz","Egyptian Arabic","Digital Humanities","","","","2026-04-19 16:41:38","True","Afro-Asiatic languages"
"co","Corsican","Digital Humanities","Umanità Digitale","","","2026-04-19 16:41:38","","Indo-European languages"
"hur","Halkomelem","Digital Humanities","","","","2026-04-19 16:41:38","","North American Indian languages"
"diq","Dimli","Digital Humanities","","","","2026-04-19 16:41:38","True","Indo-European languages"
"cy","Welsh","Digital Humanities","Dyniaethau Digidol","","","2026-04-19 16:41:38","","Indo-European languages"
"cdo","Min Dong Chinese","Digital Humanities","","","","2026-04-19 16:41:38","True","Sino-Tibetan languages"
"liv","Livonian","Digital Humanities","","","","2026-04-19 16:41:38","","Uralic languages"
"an","Aragonese","Digital Humanities","","","","2026-04-19 16:41:38","True","Indo-European languages"
"ast","Asturian","Digital Humanities","","","","2026-04-19 16:41:38","True","Indo-European languages"
"tt","Tatar","Digital Humanities","Цифрлы гуманитар фәннәр","","","2026-04-19 16:41:38","","Altaic languages"
"man","Mandarin","Digital Humanities","","","","2026-04-19 16:41:38","True","Sino-Tibetan languages"
"af","Afrikaans","Digital Humanities","Digitale Geesteswetenskappe","","","2026-04-19 16:41:38","","Indo-European languages"
"mwl","Mirandese","Digital Humanities","","","","2026-04-19 16:41:38","True","Indo-European languages"
"et","Estonian","Digital Humanities","Digitaalsed humanitaarteadused","","","2026-04-19 16:41:38","","Uralic languages"
"zh-min-nan","Minnan","Digital Humanities","","","","2026-04-19 16:41:38","True","Sino-Tibetan languages"
"eo","Esperanto","Digital Humanities","Ciferecaj Homstudoj","","","2026-04-19 16:41:38","","Artificial languages"
"enm","Middle English","Digital Humanities","","","","2026-04-19 16:41:38","","Indo-European languages"
"rw","Kinyarwanda","Digital Humanities","Ubuhanga mu by&#39;Ikoranabuhanga","","","2026-04-19 16:41:38","","Niger-Kordofanian languages"
"dua","Duala","Digital Humanities","","","","2026-04-19 16:41:38","","Niger-Kordofanian languages"
"iu","Inuktitut","Digital Humanities","ᖃᕆᑕᐅᔭᒃᑯᑦ ᐃᓄᓕᕆᓂᕐᒧᑦ","","","2026-04-19 16:41:38","","Eskimo-Aleut languages"
"den","Slave","Digital Humanities","","","","2026-04-19 16:41:38","","North American Indian languages"
"lt","Lithuanian","Digital Humanities","Skaitmeniniai humanitariniai mokslai","","","2026-04-19 16:41:38","","Indo-European languages"
"del","Delaware","Digital Humanities","","","","2026-04-19 16:41:38","","North American Indian languages"
"ett","Etruscan","Digital Humanities","","","","2026-04-19 16:41:38","","Language isolate"
"pdc","Pennsylvania German","Digital Humanities","","","","2026-04-19 16:41:38","True","Indo-European languages"
"esu","Central Yupik","Digital Humanities","","","","2026-04-19 16:41:38","","Eskimo-Aleut languages"
"pi","Pāli","Digital Humanities","","","","2026-04-19 16:41:38","True","Indo-European languages"
"grc","Ancient Greek","Digital Humanities","","","","2026-04-19 16:41:38","","Indo-European languages"
"pih","Norfolk","Digital Humanities","","","","2026-04-19 16:41:38","True","Creolesandpidgins"
"dgr","Dogrib","Digital Humanities","","","","2026-04-19 16:41:38","","North American Indian languages"
"lu","Luba-Katanga","Digital Humanities","","","","2026-04-19 16:41:38","True","Niger-Kordofanian languages"
"ks","Kashmiri","Digital Humanities","","","","2026-04-19 16:41:38","True","Indo-European languages"
"tr","Turkish","Digital Humanities","Dijital Beşeri Bilimler","","","2026-04-19 16:41:38","","Altaic languages"
"khw","Khowar","Digital Humanities","","","","2026-04-19 16:41:38","True","Indo-European languages"
"lep","Lepcha","Digital Humanities","","","","2026-04-19 16:41:38","","Sino-Tibetan languages"
"doi","Dogri","Digital Humanities","डिजिटल मानविकी","","","2026-04-19 16:41:38","","Indo-European languages"
"ts","Tsonga","Digital Humanities","Vutivi bya Vanhu bya Dijitali","","","2026-04-19 16:41:38","","Niger-Kordofanian languages"
"kxp","Wadiyara Koli","Digital Humanities","","","","2026-04-19 16:41:38","","Indo-European languages"
"tw","Twi","Digital Humanities","Digitals Nnipa Ho Adesua","","","2026-04-19 16:41:38","","Niger-Kordofanian languages"
"tum","Tumbuka","Digital Humanities","Ŵanthu ŵa pa intaneti","","","2026-04-19 16:41:38","","Niger-Kordofanian languages"
"pis","Pijin","Digital Humanities","","","","2026-04-19 16:41:38","","Creoles and pidgins"
"udm","Udmurt","Digital Humanities","Цифровой гуманитарной наукаос","","","2026-04-19 16:41:38","","Uralic languages"
"ty","Tahitian","Digital Humanities","Te mau taata mamati","","","2026-04-19 16:41:38","","Austronesian languages"
"tkt","Kathoriya Tharu","Digital Humanities","","","","2026-04-19 16:41:38","","Indo-European languages"
"pag","Pangasinan","Digital Humanities","Digital Humanities","","","2026-04-19 16:41:38","","Austronesian languages"
"arc","Aramaic","Digital Humanities","","","","2026-04-19 16:41:38","True","Afro-Asiatic languages"
"khb","Lü","Digital Humanities","","","","2026-04-19 16:41:38","","Tai languages"
"te","Telugu","Digital Humanities","డిజిటల్ హ్యుమానిటీస్","","","2026-04-19 16:41:38","","Dravidian languages"
"ff","Fula","Digital Humanities","Neɗɗaŋke Dijital","","","2026-04-19 16:41:38","","Niger-Kordofanian languages"
"kab","Kabyle","Digital Humanities","","","","2026-04-19 16:41:38","","Afro-Asiatic languages"
"vec","Venetian","Digital Humanities","Siense umane digitałi","","","2026-04-19 16:41:38","","Indo-European languages"
"got","Gothic","Digital Humanities","","","","2026-04-19 16:41:38","True","Indo-European languages"
"jut","Jutish","Digital Humanities","","","","2026-04-19 16:41:38","","Indo-European languages"
"gaa","Ga","Digital Humanities","Dijital Adesai Ahe Nilee","","","2026-04-19 16:41:38","","Niger-Kordofanian languages"
"ur","Urdu","Digital Humanities","ڈیجیٹل ہیومینٹیز","","","2026-04-19 16:41:38","","Indo-European languages"
"kjg","Khmu","Digital Humanities","","","","2026-04-19 16:41:38","","Austro-Asiatic languages"
"vls","West Flemish","Digital Humanities","","","","2026-04-19 16:41:38","True","Indo-European languages"
"de","German","Digital Humanities","Digitale Geisteswissenschaften","","","2026-04-19 16:41:38","","Indo-European languages"
"gld","Nanai","Digital Humanities","","","","2026-04-19 16:41:38","","Altaic languages"
"aln","Gheg Albanian","Digital Humanities","","","","2026-04-19 16:41:38","","Indo-European languages"
"ase","American Sign Language","Digital Humanities","","","","2026-04-19 16:41:38","","Sign languages"
"bem","Bemba","Digital Humanities","Ubuntunse bwa citabo","","","2026-04-19 16:41:38","","Niger-Kordofanian languages"
"byn","Blin","Digital Humanities","","","","2026-04-19 16:41:38","","Afro-Asiatic languages"
"ban","Balinese","Digital Humanities","Humaniora Digital","","","2026-04-19 16:41:38","","Austronesian languages"
"bap","Bantawa","Digital Humanities","","","","2026-04-19 16:41:38","","Sino-Tibetan languages"
"bas","Basaa","Digital Humanities","","","","2026-04-19 16:41:38","","Niger-Kordofanian languages"
"bax","Bamun","Digital Humanities","","","","2026-04-19 16:41:38","","Niger-Kordofanian languages"
"bbc","Batak Toba","Digital Humanities","Kemanusiaan Digital","","","2026-04-19 16:41:38","","Austronesian languages"
"bbj","Ghomala","Digital Humanities","","","","2026-04-19 16:41:38","","Niger-Kordofanian languages"
"bci","Baoulé","Digital Humanities","Sran’m be su like suanlɛ","","","2026-04-19 16:41:38","","Niger-Kordofanian languages"
"glk","Gilaki","Digital Humanities","","","","2026-04-19 16:41:38","","Indo-European languages"
"bew","Betawi","Digital Humanities","Humaniora Digital","","","2026-04-19 16:41:38","","Austronesian languages"
"nn","Norwegian Nynorsk","Digital Humanities","","","","2026-04-19 16:41:38","True","Indo-European languages"
"ary","Moroccan Arabic","Digital Humanities","","","","2026-04-19 16:41:38","","Afro-Asiatic languages"
"bez","Bena","Digital Humanities","","","","2026-04-19 16:41:38","","Niger-Kordofanian languages"
"bfq","Badaga","Digital Humanities","","","","2026-04-19 16:41:38","","Dravidian languages"
"bft","Balti","Digital Humanities","","","","2026-04-19 16:41:38","","Sino-Tibetan languages"
"bfy","Bagheli","Digital Humanities","","","","2026-04-19 16:41:38","","Indo-European languages"
"bgc","Haryanvi","Digital Humanities","","","","2026-04-19 16:41:38","","Indo-European languages"
"bgn","Western Balochi","Digital Humanities","","","","2026-04-19 16:41:38","","Indo-European languages"
"bgx","Balkan Gagauz Turkish","Digital Humanities","","","","2026-04-19 16:41:38","","Altaic languages"
"ada","Adangme","Digital Humanities","","","","2026-04-19 16:41:38","","Niger-Kordofanian languages"
"ady","Adyghe","Digital Humanities","","","","2026-04-19 16:41:38","","Caucasian languages"
"aeb","Tunisian Arabic","Digital Humanities","","","","2026-04-19 16:41:38","","Afro-Asiatic languages"
"afh","Afrihili","Digital Humanities","","","","2026-04-19 16:41:38","","Artificial languages"
"bua","Buriat","Digital Humanities","Тоон хүнэй эрдэм ухаан","","","2026-04-19 16:41:38","","Altaic languages"
"bej","Beja","Digital Humanities","","","","2026-04-19 16:41:38","","Afro-Asiatic languages"
"bal","Baluchi","Digital Humanities","ڈیجیٹل انسانی زانت","","","2026-04-19 16:41:38","","Indo-European languages"
"bfd","Bafut","Digital Humanities","","","","2026-04-19 16:41:38","","Niger-Kordofanian languages"
"bqv","Koro Wachi","Digital Humanities","","","","2026-04-19 16:41:38","","Niger-Kordofanian languages"
"bra","Braj","Digital Humanities","","","","2026-04-19 16:41:38","","Indo-European languages"
"brh","Brahui","Digital Humanities","","","","2026-04-19 16:41:38","","Dravidian languages"
"bss","Akoose","Digital Humanities","","","","2026-04-19 16:41:38","","Niger-Kordofanian languages"
"bto","Rinconada Bikol","Digital Humanities","","","","2026-04-19 16:41:38","","Austronesian languages"
"btv","Bateri","Digital Humanities","","","","2026-04-19 16:41:38","","Indo-European languages"
"avk","Kotava","Digital Humanities","","","","2026-04-19 16:41:38","","Artificial languages"
"buc","Bushi","Digital Humanities","","","","2026-04-19 16:41:38","","Niger-Kordofanian languages"
"atj","Atikamekw","Digital Humanities","","","","2026-04-19 16:41:38","","North American Indian languages"
"bvb","Bube","Digital Humanities","","","","2026-04-19 16:41:38","","Niger-Kordofanian languages"
"blo","Anii","Digital Humanities","","","","2026-04-19 16:41:38","","Niger-Kordofanian languages"
"byv","Medumba","Digital Humanities","","","","2026-04-19 16:41:38","","Niger-Kordofanian languages"
"bze","Jenaama Bozo","Digital Humanities","","","","2026-04-19 16:41:38","","Nilo-Saharan languages"
"bzx","Kɛlɛngaxo Bozo","Digital Humanities","","","","2026-04-19 16:41:38","","Nilo-Saharan languages"
"crn","Montenegrin","Digital Humanities","","","","2026-04-19 16:41:38","","North American Indian languages"
"crs","Seselwa Creole French","Digital Humanities","Limanite Dizital","","","2026-04-19 16:41:38","","Creoles and pidgins"
"csw","Swampy Cree","Digital Humanities","","","","2026-04-19 16:41:38","","North American Indian languages"
"ctd","Tedim Chin","Digital Humanities","","","","2026-04-19 16:41:38","","Sino-Tibetan languages"
"sv","Swedish","Digital Humanities","Digital humaniora","","","2026-04-19 16:41:38","","Indo-European languages"
"anp","Angika","Digital Humanities","","","","2026-04-19 16:41:38","","Indo-European languages"
"ars","Najdi Arabic","Digital Humanities","","","","2026-04-19 16:41:38","","Afro-Asiatic languages"
"asa","Asu","Digital Humanities","","","","2026-04-19 16:41:38","","Niger-Kordofanian languages"
"nv","Navajo, Navaho","Digital Humanities","","","","2026-04-19 16:41:38","True","North American Indian languages"
"sr","Serbian","Digital Humanities","Дигиталне хуманистичке науке","","","2026-04-19 16:41:38","","Indo-European languages"
"so","Somali","Digital Humanities","Bani&#39;aadamnimada Dijital ah","","","2026-04-19 16:41:38","","Afro-Asiatic languages"
"sck","Sadri","Digital Humanities","","","","2026-04-19 16:41:38","","Indo-European languages"
"ses","Koyraboro Senni","Digital Humanities","","","","2026-04-19 16:41:38","","Nilo-Saharan languages"
"shi","Tachelhit","Digital Humanities","","","","2026-04-19 16:41:38","","Afro-Asiatic languages"
"sgs","Samogitian","Digital Humanities","","","","2026-04-19 16:41:38","","Indo-European languages"
"sga","Old Irish","Digital Humanities","","","","2026-04-19 16:41:38","","Indo-European languages"
"sba","Ngambay","Digital Humanities","","","","2026-04-19 16:41:38","","Nilo-Saharan languages"
"rwk","Rwa","Digital Humanities","","","","2026-04-19 16:41:38","","Niger-Kordofanian languages"
"elx","Elamite","Digital Humanities","","","","2026-04-19 16:41:38","","Language isolate"
"ryu","Central Okinawan","Digital Humanities","","","","2026-04-19 16:41:38","","Japanese languages"
"sad","Sandawe","Digital Humanities","","","","2026-04-19 16:41:38","","Language isolate"
"saf","Safaliba","Digital Humanities","","","","2026-04-19 16:41:38","","Niger-Kordofanian languages"
"sam","Samaritan Aramaic","Digital Humanities","","","","2026-04-19 16:41:38","","Afro-Asiatic languages"
"ssy","Saho","Digital Humanities","","","","2026-04-19 16:41:38","","Afro-Asiatic languages"
"sas","Sasak","Digital Humanities","","","","2026-04-19 16:41:38","","Austronesian languages"
"sat","Santali","Digital Humanities","ᱰᱤᱡᱤᱴᱟᱞ ᱦᱭᱩᱢᱮᱱᱤᱴᱤᱡᱽ","","","2026-04-19 16:41:38","","Austro-Asiatic languages"
"rhg","Rohingya","Digital Humanities","","","","2026-04-19 16:41:38","","Indo-European languages"
"rej","Rejang","Digital Humanities","","","","2026-04-19 16:41:38","","Austronesian languages"
"tru","Turoyo","Digital Humanities","","","","2026-04-19 16:41:38","","Afro-Asiatic languages"
"nrm","Norman","Digital Humanities","","","","2026-04-19 16:41:38","True","Indo-European languages"
"bum","Bulu","Digital Humanities","","","","2026-04-19 16:41:38","","Niger-Kordofanian languages"
"bmq","Bomu","Digital Humanities","","","","2026-04-19 16:41:38","","Niger-Kordofanian languages"
"bqi","Bakhtiari","Digital Humanities","","","","2026-04-19 16:41:38","","Indo-European languages"
"dtp","Central Dusun","Digital Humanities","","","","2026-04-19 16:41:38","","Austronesian languages"
"crj","Southern East Cree","Digital Humanities","","","","2026-04-19 16:41:38","","North American Indian languages"
"agq","Aghem","Digital Humanities","","","","2026-04-19 16:41:38","","Niger-Kordofanian languages"
"aii","Assyrian Neo-Aramaic","Digital Humanities","","","","2026-04-19 16:41:38","","Afro-Asiatic languages"
"ain","Ainu","Digital Humanities","","","","2026-04-19 16:41:38","","Language isolate"
"akk","Akkadian","Digital Humanities","","","","2026-04-19 16:41:38","","Afro-Asiatic languages"
"akz","Alabama","Digital Humanities","","","","2026-04-19 16:41:38","","North American Indian languages"
"alt","Southern Altai","Digital Humanities","","","","2026-04-19 16:41:38","","Altaic languages"
"ale","Aleut","Digital Humanities","","","","2026-04-19 16:41:38","","Eskimo-Aleut languages"
"abr","Abron","Digital Humanities","","","","2026-04-19 16:41:38","","Niger-Kordofanian languages"
"bhb","Bhili","Digital Humanities","","","","2026-04-19 16:41:38","","Indo-European languages"
"amo","Amo","Digital Humanities","","","","2026-04-19 16:41:38","","Niger-Kordofanian languages"
"ann","Obolo","Digital Humanities","","","","2026-04-19 16:41:38","","Niger-Kordofanian languages"
"aoz","Uab Meto","Digital Humanities","","","","2026-04-19 16:41:38","","Austronesian languages"
"apc","Levantine Arabic","Digital Humanities","","","","2026-04-19 16:41:38","","Afro-Asiatic languages"
"arn","Mapuche","Digital Humanities","","","","2026-04-19 16:41:38","","South American Indian languages"
"aro","Araona","Digital Humanities","","","","2026-04-19 16:41:38","","South American Indian languages"
"arp","Arapaho","Digital Humanities","","","","2026-04-19 16:41:38","","North American Indian languages"
"arq","Algerian Arabic","Digital Humanities","","","","2026-04-19 16:41:38","","Afro-Asiatic languages"
"chp","Chipewyan","Digital Humanities","","","","2026-04-19 16:41:38","","North American Indian languages"
"ach","Acoli","Digital Humanities","Digital Humanities","","","2026-04-19 16:41:38","","Nilo-Saharan languages"
"arw","Arawak","Digital Humanities","","","","2026-04-19 16:41:38","","South American Indian languages"
"gmh","Middle High German","Digital Humanities","","","","2026-04-19 16:41:38","","Indo-European languages"
"gom","Goan Konkani","Digital Humanities","डिजिटल मानवी शास्त्र","","","2026-04-19 16:41:38","","Indo-European languages"
"crl","Northern East Cree","Digital Humanities","","","","2026-04-19 16:41:38","","North American Indian languages"
"fro","Old French","Digital Humanities","","","","2026-04-19 16:41:38","","Indo-European languages"
"dav","Taita","Digital Humanities","","","","2026-04-19 16:41:38","","Niger-Kordofanian languages"
"frr","Northern Frisian","Digital Humanities","","","","2026-04-19 16:41:38","","Indo-European languages"
"cps","Capiznon","Digital Humanities","","","","2026-04-19 16:41:38","","Austronesian languages"
"fuq","Central-Eastern Niger Fulfulde","Digital Humanities","","","","2026-04-19 16:41:38","","Niger-Kordofanian languages"
"dty","Dotyali","Digital Humanities","","","","2026-04-19 16:41:38","","Indo-European languages"
"fvr","Fur","Digital Humanities","","","","2026-04-19 16:41:38","","Nilo-Saharan languages"
"ckt","Chukot","Digital Humanities","","","","2026-04-19 16:41:38","","Chukotko-Kamchatkan languages"
"egy","Ancient Egyptian","Digital Humanities","","","","2026-04-19 16:41:38","","Afro-Asiatic languages"
"cnr","Montenegrin","Digital Humanities","","","","2026-04-19 16:41:38","","Indo-European languages"
"bla","Siksiká","Digital Humanities","","","","2026-04-19 16:41:38","","North American Indian languages"
"cad","Caddo","Digital Humanities","","","","2026-04-19 16:41:38","","North American Indian languages"
"crg","Michif","Digital Humanities","","","","2026-04-19 16:41:38","","North American Indian languages"
"frc","Cajun French","Digital Humanities","","","","2026-04-19 16:41:38","","Indo-European languages"
"bku","Buhid","Digital Humanities","","","","2026-04-19 16:41:38","","Austronesian languages"
"cjs","Shor","Digital Humanities","","","","2026-04-19 16:41:38","","Altaic languages"
"loz","Lozi","Digital Humanities","","","","2026-04-19 16:41:38","","Niger-Kordofanian languages"
"clc","Chilcotin","Digital Humanities","","","","2026-04-19 16:41:38","","North American Indian languages"
"cch","Atsam","Digital Humanities","","","","2026-04-19 16:41:38","","Niger-Kordofanian languages"
"cop","Coptic","Digital Humanities","","","","2026-04-19 16:41:38","","Afro-Asiatic languages"
"bik","Bikol","Digital Humanities","Digital Humanities","","","2026-04-19 16:41:38","","Austronesian languages"
"bjn","Banjar","Digital Humanities","","","","2026-04-19 16:41:38","","Austronesian languages"
"bjj","Kanauji","Digital Humanities","","","","2026-04-19 16:41:38","","Indo-European languages"
"car","Carib","Digital Humanities","","","","2026-04-19 16:41:38","","South American Indian languages"
"eky","Eastern Kayah","Digital Humanities","","","","2026-04-19 16:41:38","","Sino-Tibetan languages"
"zza","Zaza","Digital Humanities","","","","2026-04-19 16:41:38","","Indo-European languages"
"xmf","Megrelian","Digital Humanities","","","","2026-04-19 16:41:38","True","Caucasian languages"
"bhi","Bhilali","Digital Humanities","","","","2026-04-19 16:41:38","","Indo-European languages"
"gor","Gorontalo","Digital Humanities","","","","2026-04-19 16:41:38","","Austronesian languages"
"za","Zhuang, Chuang","Digital Humanities","","","","2026-04-19 16:41:38","True","Tai languages"
"din","Dinka","Digital Humanities","Käke Raan ke Dijital","","","2026-04-19 16:41:38","","Nilo-Saharan languages"
"aa","Afar","Digital Humanities","Xiyitaal Sehdaytiino","","","2026-04-19 16:41:38","","Afro-Asiatic languages"
"nds-nl","Dutch Low Saxon","Digital Humanities","","","","2026-04-19 16:41:38","True","Indo-European languages"
"efi","Efik","Digital Humanities","","","","2026-04-19 16:41:38","","Niger-Kordofanian languages"
"guc","Wayuu","Digital Humanities","","","","2026-04-19 16:41:38","","South American Indian languages"
"nd","North Ndebele","Digital Humanities","","","","2026-04-19 16:41:38","True","Niger-Kordofanian languages"
"evn","Evenki","Digital Humanities","","","","2026-04-19 16:41:38","","Altaic languages"
"jml","Jumli","Digital Humanities","","","","2026-04-19 16:41:38","","Indo-European languages"
"fat","Fanti","Digital Humanities","Digitals Nnipa Ho Adesua","","","2026-04-19 16:41:38","","Niger-Kordofanian languages"
"dum","Middle Dutch","Digital Humanities","","","","2026-04-19 16:41:38","","Indo-European languages"
"gil","Gilbertese","Digital Humanities","","","","2026-04-19 16:41:38","True","Austronesian languages"
"fia","Nobiin","Digital Humanities","","","","2026-04-19 16:41:38","","Nilo-Saharan languages"
"dzg","Dazaga","Digital Humanities","","","","2026-04-19 16:41:38","","Nilo-Saharan languages"
"wa","Walloon","Digital Humanities","","","","2026-04-19 16:41:38","True","Indo-European languages"
"fit","Tornedalen Finnish","Digital Humanities","","","","2026-04-19 16:41:38","","Uralic languages"
"bho","Bhojpuri","Digital Humanities","डिजिटल मानविकी के बारे में बतावल गइल बा","","","2026-04-19 16:41:38","","Indo-European languages"
"xal","Kalmyk","Digital Humanities","","","","2026-04-19 16:41:38","True","Altaic languages"
"frm","Middle French","Digital Humanities","","","","2026-04-19 16:41:38","","Indo-European languages"
"ace","Acehnese","Digital Humanities","Kemanusiaan Digital","","","2026-04-19 16:41:38","","Austronesian languages"
"ng","Ndonga","Digital Humanities","","","","2026-04-19 16:41:38","True","Niger-Kordofanian languages"
"gju","Gujari","Digital Humanities","","","","2026-04-19 16:41:38","","Indo-European languages"
"ia","Interlingua","Digital Humanities","","","","2026-04-19 16:41:38","True","Artificial languages"
"ch","Chamorro","Digital Humanities","Digital Humanities","","","2026-04-19 16:41:38","","Austronesian languages"
"crh","Crimean Tatar","Digital Humanities","Ракъамлы гуманитар фенлер","","","2026-04-19 16:41:38","","Altaic languages"
"cv","Chuvash","Digital Humanities","Цифра гуманитари","","","2026-04-19 16:41:38","","Altaic languages"
"blt","Tai Dam","Digital Humanities","","","","2026-04-19 16:41:38","","Tai languages"
"nso","Northern Sotho","Digital Humanities","Thuto ya Botho ya Dijithale","","","2026-04-19 16:41:38","","Niger-Kordofanian languages"
"cwd","Woods Cree","Digital Humanities","","","","2026-04-19 16:41:38","","North American Indian languages"
"ik","Inupiaq","Digital Humanities","","","","2026-04-19 16:41:38","True","North American Indian languages"
"cjm","Eastern Cham","Digital Humanities","","","","2026-04-19 16:41:38","","Austronesian languages"
"bpy","Bishnupriya Manipuri","Digital Humanities","","","","2026-04-19 16:41:38","True","Indo-European languages"
"dcc","Deccan","Digital Humanities","","","","2026-04-19 16:41:38","","Indo-European languages"
"bug","Buginese","Digital Humanities","","","","2026-04-19 16:41:38","True","Austronesian languages"
"frs","Eastern Frisian","Digital Humanities","","","","2026-04-19 16:41:38","","Indo-European languages"
"crm","Moose Cree","Digital Humanities","","","","2026-04-19 16:41:38","","North American Indian languages"
"goh","Old High German","Digital Humanities","","","","2026-04-19 16:41:38","","Indo-European languages"
"fan","Fang","Digital Humanities","","","","2026-04-19 16:41:38","","Niger-Kordofanian languages"
"gon","Gondi","Digital Humanities","","","","2026-04-19 16:41:38","","Dravidian languages"
"ffm","Maasina Fulfulde","Digital Humanities","","","","2026-04-19 16:41:38","","Niger-Kordofanian languages"
"grb","Grebo","Digital Humanities","","","","2026-04-19 16:41:38","","Niger-Kordofanian languages"
"fil","Filipino","Digital Humanities","Digital Humanities","","","2026-04-19 16:41:38","","Austronesian languages"
"gez","Geez","Digital Humanities","","","","2026-04-19 16:41:38","","Afro-Asiatic languages"
"fon","Fon","Digital Humanities","Gbɛtɔ́ Dijitalu","","","2026-04-19 16:41:38","","Niger-Kordofanian languages"
"gur","Frafra","Digital Humanities","","","","2026-04-19 16:41:38","","Niger-Kordofanian languages"
"gwi","Gwichʼin","Digital Humanities","","","","2026-04-19 16:41:38","","North American Indian languages"
"jmc","Machame","Digital Humanities","","","","2026-04-19 16:41:38","","Niger-Kordofanian languages"
"gos","Gronings","Digital Humanities","","","","2026-04-19 16:41:38","","Indo-European languages"
"hoj","Hadothi","Digital Humanities","","","","2026-04-19 16:41:38","","Indo-European languages"
"cho","Choctaw","Digital Humanities","","","","2026-04-19 16:41:38","True","North American Indian languages"
"vi","Vietnamese","Digital Humanities","Nhân văn kỹ thuật số","","","2026-04-19 16:41:38","","Austro-Asiatic languages"
"chy","Cheyenne","Digital Humanities","","","","2026-04-19 16:41:38","True","North American Indian languages"
"yi","Yiddish","Digital Humanities","דיגיטאַלע הומאַניטיעס","","","2026-04-19 16:41:38","","Indo-European languages"
"tet","Tetum","Digital Humanities","Umanidade Dijitál","","","2026-04-19 16:41:38","","Austronesian languages"
"hai","Haida","Digital Humanities","","","","2026-04-19 16:41:38","","Language isolate"
"chm","Mari","Digital Humanities","Цифровой гуманитарный науко","","","2026-04-19 16:41:38","","Uralic languages"
"ti","Tigrinya","Digital Humanities","ዲጂታል ሰብኣዊ ስነፍልጠት","","","2026-04-19 16:41:38","","Afro-Asiatic languages"
"khq","Koyra Chiini","Digital Humanities","","","","2026-04-19 16:41:38","","Nilo-Saharan languages"
"ve","Venda","Digital Humanities","Vhuthu ha Didzhithala","","","2026-04-19 16:41:38","","Niger-Kordofanian languages"
"tl","Tagalog","Digital Humanities","Digital Humanities","","","2026-04-19 16:41:38","","Austronesian languages"
"dng","Dungan","Digital Humanities","","","","2026-04-19 16:41:38","","Sino-Tibetan languages"
"kht","Khamti","Digital Humanities","","","","2026-04-19 16:41:38","","Sino-Tibetan languages"
"scn","Sicilian","Digital Humanities","Scienzi umanistichi diggitali","","","2026-04-19 16:41:38","","Indo-European languages"
"guz","Gusii","Digital Humanities","","","","2026-04-19 16:41:38","","Niger-Kordofanian languages"
"kdt","Kuy","Digital Humanities","","","","2026-04-19 16:41:38","","Austro-Asiatic languages"
"no","Norwegian","Digital Humanities","Digital humaniora","","","2026-04-19 16:41:38","","Indo-European languages"
"jam","Jamaican Creole English","Digital Humanities","Digital Humanities","","","2026-04-19 16:41:38","","Creoles and pidgins"
"kac","Kachin","Digital Humanities","Digital shinggyim nga pra masa","","","2026-04-19 16:41:38","","Sino-Tibetan languages"
"lad","Ladino / Judeo-Spanish","Digital Humanities","","","","2026-04-19 16:41:38","True","Indo-European languages"
"su","Sundanese","Digital Humanities","Élmu Kamanusaan Digital","","","2026-04-19 16:41:38","","Austronesian languages"
"kaj","Jju","Digital Humanities","","","","2026-04-19 16:41:38","","Niger-Kordofanian languages"
"lzz","Laz","Digital Humanities","","","","2026-04-19 16:41:38","True","Caucasian languages"
"kkj","Kako","Digital Humanities","","","","2026-04-19 16:41:38","","Niger-Kordofanian languages"
"rmf","Kalo Finnish Romani","Digital Humanities","","","","2026-04-19 16:41:38","","Indo-European languages"
"lam","Lamba","Digital Humanities","","","","2026-04-19 16:41:38","","Niger-Kordofanian languages"
"kca","Khanty","Digital Humanities","","","","2026-04-19 16:41:38","","Uralic languages"
"lbe","Lak","Digital Humanities","","","","2026-04-19 16:41:38","","Caucasian languages"
"nwc","Classical Newari","Digital Humanities","","","","2026-04-19 16:41:38","","Sino-Tibetan languages"
"lbw","Tolaki","Digital Humanities","","","","2026-04-19 16:41:38","","Austronesian languages"
"kck","Kalanga","Digital Humanities","","","","2026-04-19 16:41:38","","Niger-Kordofanian languages"
"lcp","Western Lawa","Digital Humanities","","","","2026-04-19 16:41:38","","Austro-Asiatic languages"
"kde","Makonde","Digital Humanities","","","","2026-04-19 16:41:38","","Niger-Kordofanian languages"
"lez","Lezghian","Digital Humanities","","","","2026-04-19 16:41:38","","Caucasian languages"
"kea","Kabuverdianu","Digital Humanities","","","","2026-04-19 16:41:38","","Creoles and pidgins"
"lol","Mongo","Digital Humanities","","","","2026-04-19 16:41:38","","Niger-Kordofanian languages"
"koi","Komi-Permyak","Digital Humanities","","","","2026-04-19 16:41:38","","Uralic languages"
"kiu","Kirmanjki","Digital Humanities","","","","2026-04-19 16:41:38","","Indo-European languages"
"kok","Konkani","Digital Humanities","डिजिटल मानवी शास्त्र","","","2026-04-19 16:41:38","","Indo-European languages"
"ken","Kenyang","Digital Humanities","","","","2026-04-19 16:41:38","","Niger-Kordofanian languages"
"lab","Linear A","Digital Humanities","","","","2026-04-19 16:41:38","","Undeciphered script"
"kfo","Koro","Digital Humanities","","","","2026-04-19 16:41:38","","Niger-Kordofanian languages"
"lag","Langi","Digital Humanities","","","","2026-04-19 16:41:38","","Niger-Kordofanian languages"
"kfr","Kachhi","Digital Humanities","","","","2026-04-19 16:41:38","","Indo-European languages"
"kgp","Kaingang","Digital Humanities","","","","2026-04-19 16:41:38","","South American Indian languages"
"kfy","Kumaoni","Digital Humanities","","","","2026-04-19 16:41:38","","Indo-European languages"
"kbd","Kabardian","Digital Humanities","","","","2026-04-19 16:41:38","","Caucasian languages"
"nxq","Naxi","Digital Humanities","","","","2026-04-19 16:41:38","","Sino-Tibetan languages"
"sah","Yakut","Digital Humanities","Цифровой гуманитарнай наукалар","","","2026-04-19 16:41:38","","Altaic languages"
"jpr","Judeo-Persian","Digital Humanities","","","","2026-04-19 16:41:38","","Indo-European languages"
"lfn","Lingua Franca Nova","Digital Humanities","","","","2026-04-19 16:41:38","","Artificial languages"
"nym","Nyamwezi","Digital Humanities","","","","2026-04-19 16:41:38","","Niger-Kordofanian languages"
"kmb","Kimbundu","Digital Humanities","","","","2026-04-19 16:41:38","","Niger-Kordofanian languages"
"ta","Tamil","Digital Humanities","டிஜிட்டல் மானுடவியல்","","","2026-04-19 16:41:38","","Dravidian languages"
"nr","South Ndebele","Digital Humanities","I-Digital Humanities","","","2026-04-19 16:41:38","","Niger-Kordofanian languages"
"th","Thai","Digital Humanities","มนุษยศาสตร์ดิจิทัล","","","2026-04-19 16:41:38","","Tai languages"
"mi","Māori","Digital Humanities","Ngā Tikanga Mamati","","","2026-04-19 16:41:38","","Austronesian languages"
"ak","Akan","Digital Humanities","Digitals Nnipa Ho Adesua","","","2026-04-19 16:41:38","","Niger-Kordofanian languages"
"bm","Bambara","Digital Humanities","Hadamadenw ka dɔnniya nimɔrɔma","","","2026-04-19 16:41:38","","Niger-Kordofanian languages"
"bs","Bosnian","Digital Humanities","Digitalne humanističke nauke","","","2026-04-19 16:41:38","","Indo-European languages"
"fur","Friulian","Digital Humanities","Lis siencis umanis digjitâls","","","2026-04-19 16:41:38","","Indo-European languages"
"hit","Hittite","Digital Humanities","","","","2026-04-19 16:41:38","","Indo-European languages"
"lil","Lillooet","Digital Humanities","","","","2026-04-19 16:41:38","","North American Indian languages"
"az","Azerbaijani","Digital Humanities","Rəqəmsal Humanitar Elmlər","","","2026-04-19 16:41:38","","Altaic languages"
"bo","Tibetan","Digital Humanities","གྲངས་འཛིན་མི་ཆོས་རིག་པ།","","","2026-04-19 16:41:38","","Sino-Tibetan languages"
"awa","Awadhi","Digital Humanities","डिजिटल मानविकी","","","2026-04-19 16:41:38","","Indo-European languages"
"eu","Basque","Digital Humanities","Humanitate Digitalak","","","2026-04-19 16:41:38","","Basque (family)"
"ms","Malay","Digital Humanities","Kemanusiaan Digital","","","2026-04-19 16:41:38","","Austronesian languages"
"mt","Maltese","Digital Humanities","Umanistika Diġitali","","","2026-04-19 16:41:38","","Afro-Asiatic languages"
"gv","Manx","Digital Humanities","Dooinney Digitagh","","","2026-04-19 16:41:38","","Indo-European languages"
"haw","Hawaiian","Digital Humanities","Nā Humanities Kikohoʻe","","","2026-04-19 16:41:38","","Austronesian languages"
"gu","Gujarati","Digital Humanities","ડિજિટલ હ્યુમેનિટીઝ","","","2026-04-19 16:41:38","","Indo-European languages"
"lv","Latvian","Digital Humanities","Digitālās humanitārās zinātnes","","","2026-04-19 16:41:38","","Indo-European languages"
"hif","Fiji Hindi","Digital Humanities","","","","2026-04-19 16:41:38","","Indo-European languages"
"abq","Abaza","Digital Humanities","","","","2026-04-19 16:41:38","","Caucasian languages"
"kxv","Kuvi","Digital Humanities","","","","2026-04-19 16:41:38","","Dravidian languages"
"rob","Tae'","Digital Humanities","","","","2026-04-19 16:41:38","","Austronesian languages"
"sxn","Sangir","Digital Humanities","","","","2026-04-19 16:41:38","","Austronesian languages"
"prg","Prussian","Digital Humanities","","","","2026-04-19 16:41:38","","Indo-European languages"
"syc","Classical Syriac","Digital Humanities","","","","2026-04-19 16:41:38","","Afro-Asiatic languages"
"osa","Osage","Digital Humanities","","","","2026-04-19 16:41:38","","North American Indian languages"
"syi","Seki","Digital Humanities","","","","2026-04-19 16:41:38","","Niger-Kordofanian languages"
"pqm","Maliseet-Passamaquoddy","Digital Humanities","","","","2026-04-19 16:41:38","","North American Indian languages"
"yao","Yao","Digital Humanities","","","","2026-04-19 16:41:38","","Niger-Kordofanian languages"
"sus","Susu","Digital Humanities","Digital Humanities","","","2026-04-19 16:41:38","","Niger-Kordofanian languages"
"yap","Yapese","Digital Humanities","","","","2026-04-19 16:41:38","","Austronesian languages"
"pon","Pohnpeian","Digital Humanities","","","","2026-04-19 16:41:38","","Austronesian languages"
"yav","Yangben","Digital Humanities","","","","2026-04-19 16:41:38","","Niger-Kordofanian languages"
"mos","Mossi","Digital Humanities","","","","2026-04-19 16:41:38","","Niger-Kordofanian languages"
"nyo","Nyoro","Digital Humanities","","","","2026-04-19 16:41:38","","Niger-Kordofanian languages"
"ljp","Lampung Api","Digital Humanities","","","","2026-04-19 16:41:38","","Austronesian languages"
"nzi","Nzima","Digital Humanities","","","","2026-04-19 16:41:38","","Niger-Kordofanian languages"
"lou","Louisiana Creole","Digital Humanities","","","","2026-04-19 16:41:38","","Creoles and pidgins"
"ojb","Northwestern Ojibwa","Digital Humanities","","","","2026-04-19 16:41:38","","North American Indian languages"
"kxm","Northern Khmer","Digital Humanities","","","","2026-04-19 16:41:38","","Austro-Asiatic languages"
"ojg","Eastern Ojibwa","Digital Humanities","","","","2026-04-19 16:41:38","","North American Indian languages"
"kvr","Kerinci","Digital Humanities","","","","2026-04-19 16:41:38","","Austronesian languages"
"ojs","Oji-Cree","Digital Humanities","","","","2026-04-19 16:41:38","","North American Indian languages"
"ndc","Ndau","Digital Humanities","Dhijitari yevanhu","","","2026-04-19 16:41:38","","Niger-Kordofanian languages"
"nch","Central Huasteca Nahuatl","Digital Humanities","","","","2026-04-19 16:41:38","","North American Indian languages"
"tsi","Tsimshian","Digital Humanities","","","","2026-04-19 16:41:38","","North American Indian languages"
"naq","Nama","Digital Humanities","","","","2026-04-19 16:41:38","","Khoisan languages"
"pnt","Pontic","Digital Humanities","","","","2026-04-19 16:41:38","","Indo-European languages"
"tsj","Tshangla","Digital Humanities","","","","2026-04-19 16:41:38","","Sino-Tibetan languages"
"ttj","Tooro","Digital Humanities","","","","2026-04-19 16:41:38","","Niger-Kordofanian languages"
"ttm","Northern Tutchone","Digital Humanities","","","","2026-04-19 16:41:38","","North American Indian languages"
"tts","Northeastern Thai","Digital Humanities","","","","2026-04-19 16:41:38","","Tai languages"
"ttt","Muslim Tat","Digital Humanities","","","","2026-04-19 16:41:38","","Indo-European languages"
"uga","Ugaritic","Digital Humanities","","","","2026-04-19 16:41:38","","Afro-Asiatic languages"
"tiv","Tiv","Digital Humanities","Uumace mba sha ahumbe","","","2026-04-19 16:41:38","","Niger-Kordofanian languages"
"swb","Comorian","Digital Humanities","","","","2026-04-19 16:41:38","","Niger-Kordofanian languages"
"tig","Tigre","Digital Humanities","","","","2026-04-19 16:41:38","","Afro-Asiatic languages"
"swv","Shekhawati","Digital Humanities","","","","2026-04-19 16:41:38","","Indo-European languages"
"tsg","Tausug","Digital Humanities","","","","2026-04-19 16:41:38","","Austronesian languages"
"mzn","Mazanderani","Digital Humanities","","","","2026-04-19 16:41:38","","Indo-European languages"
"lis","Lisu","Digital Humanities","","","","2026-04-19 16:41:38","","Sino-Tibetan languages"
"mwv","Mentawai","Digital Humanities","","","","2026-04-19 16:41:38","","Austronesian languages"
"nij","Ngaju","Digital Humanities","","","","2026-04-19 16:41:38","","Austronesian languages"
"mga","Irish, Middle (900-1200)","Digital Humanities","","","","2026-04-19 16:41:38","","Indo-European languages"
"mfe","Morisyen","Digital Humanities","Limanite Dizital","","","2026-04-19 16:41:38","","Creoles and pidgins"
"kvx","Parkari Koli","Digital Humanities","","","","2026-04-19 16:41:38","","Indo-European languages"
"kwk","Kwakʼwala","Digital Humanities","","","","2026-04-19 16:41:38","","North American Indian languages"
"mwr","Marwari","Digital Humanities","डिजिटल मानविकी","","","2026-04-19 16:41:38","","Indo-European languages"
"mwk","Kita Maninkakan","Digital Humanities","","","","2026-04-19 16:41:38","","Niger-Kordofanian languages"
"mvy","Indus Kohistani","Digital Humanities","","","","2026-04-19 16:41:38","","Indo-European languages"
"tog","Nyasa Tonga","Digital Humanities","","","","2026-04-19 16:41:38","","Niger-Kordofanian languages"
"mua","Mundang","Digital Humanities","","","","2026-04-19 16:41:38","","Nilo-Saharan languages"
"ngl","Lomwe","Digital Humanities","","","","2026-04-19 16:41:38","","Niger-Kordofanian languages"
"mtr","Mewari","Digital Humanities","","","","2026-04-19 16:41:38","","Indo-European languages"
"lki","Laki","Digital Humanities","","","","2026-04-19 16:41:38","","Indo-European languages"
"lkt","Lakota","Digital Humanities","","","","2026-04-19 16:41:38","","North American Indian languages"
"lmn","Lambadi","Digital Humanities","","","","2026-04-19 16:41:38","","Indo-European languages"
"mdt","Mbere","Digital Humanities","","","","2026-04-19 16:41:38","","Niger-Kordofanian languages"
"mer","Meru","Digital Humanities","","","","2026-04-19 16:41:38","","Niger-Kordofanian languages"
"nmg","Kwasio","Digital Humanities","","","","2026-04-19 16:41:38","","Niger-Kordofanian languages"
"men","Mende","Digital Humanities","","","","2026-04-19 16:41:38","","Niger-Kordofanian languages"
"haz","Hazaragi","Digital Humanities","","","","2026-04-19 16:41:38","","Indo-European languages"
"ltg","Latgalian","Digital Humanities","Digitaluos humanitaruos zynuotnis","","","2026-04-19 16:41:38","","Indo-European languages"
"lsm","Saamia","Digital Humanities","","","","2026-04-19 16:41:38","","Niger-Kordofanian languages"
"mro","Mru","Digital Humanities","","","","2026-04-19 16:41:38","","Sino-Tibetan languages"
"lzh","Literary Chinese","Digital Humanities","","","","2026-04-19 16:41:38","","Sino-Tibetan languages"
"lui","Luiseno","Digital Humanities","","","","2026-04-19 16:41:38","","North American Indian languages"
"lun","Lunda","Digital Humanities","","","","2026-04-19 16:41:38","","Niger-Kordofanian languages"
"luo","Luo","Digital Humanities","Dijital mar dhano","","","2026-04-19 16:41:38","","Nilo-Saharan languages"
"lus","Mizo","Digital Humanities","Digital Humanities hmanga thil tih a ni","","","2026-04-19 16:41:38","","Sino-Tibetan languages"
"lut","Lushootseed","Digital Humanities","","","","2026-04-19 16:41:38","","North American Indian languages"
"luy","Luyia","Digital Humanities","","","","2026-04-19 16:41:38","","Niger-Kordofanian languages"
"luz","Southern Luri","Digital Humanities","","","","2026-04-19 16:41:38","","Indo-European languages"
"lwl","Eastern Lawa","Digital Humanities","","","","2026-04-19 16:41:38","","Austro-Asiatic languages"
"maf","Mafa","Digital Humanities","","","","2026-04-19 16:41:38","","Afro-Asiatic languages"
"mfa","Pattani Malay","Digital Humanities","","","","2026-04-19 16:41:38","","Austronesian languages"
"lua","Luba-Lulua","Digital Humanities","Malu a bantu a ku Enternete","","","2026-04-19 16:41:38","","Niger-Kordofanian languages"
"mai","Maithili","Digital Humanities","डिजिटल मानविकी","","","2026-04-19 16:41:38","","Indo-European languages"
"moh","Mohawk","Digital Humanities","","","","2026-04-19 16:41:38","","North American Indian languages"
"moe","Innu-aimun","Digital Humanities","","","","2026-04-19 16:41:38","","North American Indian languages"
"mak","Makasar","Digital Humanities","Humaniora Digital","","","2026-04-19 16:41:38","","Austronesian languages"
"myx","Masaaba","Digital Humanities","","","","2026-04-19 16:41:38","","Niger-Kordofanian languages"
"mas","Masai","Digital Humanities","","","","2026-04-19 16:41:38","","Nilo-Saharan languages"
"mdf","Moksha","Digital Humanities","","","","2026-04-19 16:41:38","","Uralic languages"
"maz","Central Mazahua","Digital Humanities","","","","2026-04-19 16:41:38","","Central American Indian languages"
"lrc","Northern Luri","Digital Humanities","","","","2026-04-19 16:41:38","","Indo-European languages"
"mde","Maba","Digital Humanities","","","","2026-04-19 16:41:38","","Nilo-Saharan languages"
"mdr","Mandar","Digital Humanities","","","","2026-04-19 16:41:38","","Austronesian languages"
"gay","Gayo","Digital Humanities","","","","2026-04-19 16:41:38","","Austronesian languages"
"mdh","Maguindanaon","Digital Humanities","","","","2026-04-19 16:41:38","","Austronesian languages"
"mic","Mi'kmaw","Digital Humanities","","","","2026-04-19 16:41:38","","North American Indian languages"
"mgh","Makhuwa-Meetto","Digital Humanities","","","","2026-04-19 16:41:38","","Niger-Kordofanian languages"
"mgo","Metaʼ","Digital Humanities","","","","2026-04-19 16:41:38","","Niger-Kordofanian languages"
"mgp","Eastern Magar","Digital Humanities","","","","2026-04-19 16:41:38","","Sino-Tibetan languages"
"mgy","Mbunga","Digital Humanities","","","","2026-04-19 16:41:38","","Niger-Kordofanian languages"
"mls","Masalit","Digital Humanities","","","","2026-04-19 16:41:38","","Nilo-Saharan languages"
"mnc","Manchu","Digital Humanities","","","","2026-04-19 16:41:38","","Altaic languages"
"mag","Magahi","Digital Humanities","","","","2026-04-19 16:41:38","","Indo-European languages"
"mni","Manipuri","Digital Humanities","","","","2026-04-19 16:41:38","","Sino-Tibetan languages"
"mns","Mansi","Digital Humanities","","","","2026-04-19 16:41:38","","Uralic languages"
"mnw","Mon","Digital Humanities","","","","2026-04-19 16:41:38","","Austro-Asiatic languages"
"mad","Madurese","Digital Humanities","Humaniora Digital","","","2026-04-19 16:41:38","","Austronesian languages"
"nia","Nias","Digital Humanities","","","","2026-04-19 16:41:38","","Austronesian languages"
"myv","Erzya","Digital Humanities","","","","2026-04-19 16:41:38","","Uralic languages"
"sel","Selkup","Digital Humanities","","","","2026-04-19 16:41:38","","Uralic languages"
"pau","Palauan","Digital Humanities","","","","2026-04-19 16:41:38","","Austronesian languages"
"se","Northern Sami","Digital Humanities","Digitála humanisttalaš dieđat","","","2026-04-19 16:41:38","","Uralic languages"
"tk","Turkmen","Digital Humanities","Sanly ynsanperwerlik","","","2026-04-19 16:41:38","","Altaic languages"
"lan","Lango","Digital Humanities","","","","2026-04-19 16:41:38","True","Nilo-Saharan languages"
"ce","Chechen","Digital Humanities","Терахьийн гуманитаран Ӏилманаш","","","2026-04-19 16:41:38","","Caucasian languages"
"bar","Bavarian","Digital Humanities","","","","2026-04-19 16:41:38","True","Indo-European languages"
"om","Oromo","Digital Humanities","Saayinsii Namoomaa Dijiitaalaa","","","2026-04-19 16:41:38","","Afro-Asiatic languages"
"cs","Czech","Digital Humanities","Digitální humanitní vědy","","","2026-04-19 16:41:38","","Indo-European languages"
"my","Burmese","Digital Humanities","ဒစ်ဂျစ်တယ် လူသားပညာ","","","2026-04-19 16:41:38","","Sino-Tibetan languages"
"ne","Nepali","Digital Humanities","डिजिटल मानविकी","","","2026-04-19 16:41:38","","Indo-European languages"
"niu","Niuean","Digital Humanities","","","","2026-04-19 16:41:38","","Austronesian languages"
"str","Straits Salish","Digital Humanities","","","","2026-04-19 16:41:38","","North American Indian languages"
"suk","Sukuma","Digital Humanities","","","","2026-04-19 16:41:38","","Niger-Kordofanian languages"
"ss","Swati","Digital Humanities","Tifundvo Tebantfu Tedijithali","","","2026-04-19 16:41:38","","Niger-Kordofanian languages"
"rue","Rusyn","Digital Humanities","","","","2026-04-19 16:41:38","","Indo-European languages"
"rkt","Rangpuri","Digital Humanities","","","","2026-04-19 16:41:38","","Indo-European languages"
"rif","Riffian","Digital Humanities","","","","2026-04-19 16:41:38","","Afro-Asiatic languages"
"smj","Lule Sami","Digital Humanities","","","","2026-04-19 16:41:38","","Uralic languages"
"nhe","Eastern Huasteca Nahuatl","Digital Humanities","Humanidades Digitales","","","2026-04-19 16:41:38","","North American Indian languages"
"nhw","Western Huasteca Nahuatl","Digital Humanities","","","","2026-04-19 16:41:38","","North American Indian languages"
"mrd","Western Magar","Digital Humanities","","","","2026-04-19 16:41:38","","Sino-Tibetan languages"
"mye","Myene","Digital Humanities","","","","2026-04-19 16:41:38","","Niger-Kordofanian languages"
"nl","Dutch","Digital Humanities","Digitale Geesteswetenschappen","","","2026-04-19 16:41:38","","Indo-European languages"
"pal","Pahlavi","Digital Humanities","","","","2026-04-19 16:41:38","","Indo-European languages"
"da","Danish","Digital Humanities","Digitale humaniora","","","2026-04-19 16:41:38","","Indo-European languages"
"rtm","Rotuman","Digital Humanities","","","","2026-04-19 16:41:38","","Austronesian languages"
"nog","Nogai","Digital Humanities","","","","2026-04-19 16:41:38","","Altaic languages"
"non","Old Norse","Digital Humanities","","","","2026-04-19 16:41:38","","Indo-European languages"
"nov","Novial","Digital Humanities","","","","2026-04-19 16:41:38","","Artificial languages"
"nqo","N’Ko","Digital Humanities","","","","2026-04-19 16:41:38","","Niger-Kordofanian languages"
"nsk","Naskapi","Digital Humanities","","","","2026-04-19 16:41:38","","North American Indian languages"
"nus","Nuer","Digital Humanities","Di̱ji̱tal Yumani̱ti̱thni̱","","","2026-04-19 16:41:38","","Nilo-Saharan languages"
"tmh","Tamashek","Digital Humanities","","","","2026-04-19 16:41:38","","Afro-Asiatic languages"
"pfl","Palatine German","Digital Humanities","","","","2026-04-19 16:41:38","","Indo-European languages"
"nnh","Ngiemboon","Digital Humanities","","","","2026-04-19 16:41:38","","Niger-Kordofanian languages"
"nod","Northern Thai","Digital Humanities","","","","2026-04-19 16:41:38","","Tai languages"
"noe","Nimadi","Digital Humanities","","","","2026-04-19 16:41:38","","Indo-European languages"
"njo","Ao Naga","Digital Humanities","","","","2026-04-19 16:41:38","","Sino-Tibetan languages"
"pcd","Picard","Digital Humanities","","","","2026-04-19 16:41:38","","Indo-European languages"
"pcm","Nigerian Pidgin","Digital Humanities","","","","2026-04-19 16:41:38","","Creoles and pidgins"
"pdt","Plautdietsch","Digital Humanities","","","","2026-04-19 16:41:38","","Indo-European languages"
"peo","Old Persian","Digital Humanities","","","","2026-04-19 16:41:38","","Indo-European languages"
"mxc","Manyika","Digital Humanities","","","","2026-04-19 16:41:38","","Niger-Kordofanian languages"
"myz","Classical Mandaic","Digital Humanities","","","","2026-04-19 16:41:38","","Afro-Asiatic languages"
"mrj","Western Mari","Digital Humanities","","","","2026-04-19 16:41:38","","Uralic languages"
"tok","Toki Pona","Digital Humanities","","","","2026-04-19 16:41:38","","Artificial languages"
"st","Southern Sotho","Digital Humanities","Botho ba Dijithale","","","2026-04-19 16:41:38","","Niger-Kordofanian languages"
"inh","Ingush","Digital Humanities","","","","2026-04-19 16:41:38","True","Caucasian languages"
"ojw","Western Ojibwa","Digital Humanities","","","","2026-04-19 16:41:38","","North American Indian languages"
"tvl","Tuvalu","Digital Humanities","","","","2026-04-19 16:41:38","","Austronesian languages"
"rmu","Tavringer Romani","Digital Humanities","","","","2026-04-19 16:41:38","","Indo-European languages"
"kri","Krio","Digital Humanities","Dijital Yumanitis","","","2026-04-19 16:41:38","","Creoles and pidgins"
"sly","Selayar","Digital Humanities","","","","2026-04-19 16:41:38","","Austronesian languages"
"krl","Karelian","Digital Humanities","","","","2026-04-19 16:41:38","","Uralic languages"
"tcy","Tulu","Digital Humanities","ಡಿಜಿಟಲ್ ಮಾನವಿಕತೆ","","","2026-04-19 16:41:38","","Dravidian languages"
"phn","Phoenician","Digital Humanities","","","","2026-04-19 16:41:38","","Afro-Asiatic languages"
"rug","Roviana","Digital Humanities","","","","2026-04-19 16:41:38","","Austronesian languages"
"kum","Kumyk","Digital Humanities","","","","2026-04-19 16:41:38","","Altaic languages"
"shn","Shan","Digital Humanities","လွင်ႈၵူၼ်း တီႇၸီႇတႄႇ","","","2026-04-19 16:41:38","","Tai languages"
"kyu","Western Kayah","Digital Humanities","","","","2026-04-19 16:41:38","","Sino-Tibetan languages"
"sid","Sidamo","Digital Humanities","","","","2026-04-19 16:41:38","","Afro-Asiatic languages"
"kha","Khasi","Digital Humanities","Jinglong briew","","","2026-04-19 16:41:38","","Austro-Asiatic languages"
"slh","Southern Lushootseed","Digital Humanities","","","","2026-04-19 16:41:38","","North American Indian languages"
"rmt","Domari","Digital Humanities","","","","2026-04-19 16:41:38","","Indo-European languages"
"lah","Western Panjabi","Digital Humanities","","","","2026-04-19 16:41:38","","Indo-European languages"
"oka","Okanagan","Digital Humanities","","","","2026-04-19 16:41:38","","North American Indian languages"
"laj","Lango (Uganda)","Digital Humanities","","","","2026-04-19 16:41:38","","Nilo-Saharan languages"
"smn","Inari Sami","Digital Humanities","","","","2026-04-19 16:41:38","","Uralic languages"
"jbo","Lojban","Digital Humanities","","","","2026-04-19 16:41:38","True","Artificial languages"
"smp","Samaritan","Digital Humanities","","","","2026-04-19 16:41:38","","Artificial languages"
"kj","Kwanyama, Kuanyama","Digital Humanities","","","","2026-04-19 16:41:38","True","Niger-Kordofanian languages"
"sms","Skolt Sami","Digital Humanities","","","","2026-04-19 16:41:38","","Uralic languages"
"kw","Cornish","Digital Humanities","","","","2026-04-19 16:41:38","True","Indo-European languages"
"sma","Southern Sami","Digital Humanities","","","","2026-04-19 16:41:38","","Uralic languages"
"seh","Sena","Digital Humanities","","","","2026-04-19 16:41:38","","Niger-Kordofanian languages"
"gsw","Swiss German","Digital Humanities","","","","2026-04-19 16:41:38","","Indo-European languages"
"hoc","Ho","Digital Humanities","","","","2026-04-19 16:41:38","","Austro-Asiatic languages"
"sdh","Southern Kurdish","Digital Humanities","","","","2026-04-19 16:41:38","","Indo-European languages"
"see","Seneca","Digital Humanities","","","","2026-04-19 16:41:38","","North American Indian languages"
"rng","Ronga","Digital Humanities","","","","2026-04-19 16:41:38","","Niger-Kordofanian languages"
"sef","Cebaara Senoufo","Digital Humanities","","","","2026-04-19 16:41:38","","Niger-Kordofanian languages"
"rof","Rombo","Digital Humanities","","","","2026-04-19 16:41:38","","Niger-Kordofanian languages"
"ojc","Central Ojibwa","Digital Humanities","","","","2026-04-19 16:41:38","","North American Indian languages"
"saq","Samburu","Digital Humanities","","","","2026-04-19 16:41:38","","Nilo-Saharan languages"
"gba","Gbaya","Digital Humanities","","","","2026-04-19 16:41:38","","Niger-Kordofanian languages"
"saz","Saurashtra","Digital Humanities","","","","2026-04-19 16:41:38","","Indo-European languages"
"srb","Sora","Digital Humanities","","","","2026-04-19 16:41:38","","Austro-Asiatic languages"
"gub","Guajajára","Digital Humanities","","","","2026-04-19 16:41:38","","South American Indian languages"
"khn","Khandesi","Digital Humanities","","","","2026-04-19 16:41:38","","Indo-European languages"
"gvr","Gurung","Digital Humanities","","","","2026-04-19 16:41:38","","Sino-Tibetan languages"
"jgo","Ngomba","Digital Humanities","","","","2026-04-19 16:41:38","","Niger-Kordofanian languages"
"ae","Avestan","Digital Humanities","","","","2026-04-19 16:41:38","True","Indo-European languages"
"chr","Cherokee","Digital Humanities","","","","2026-04-19 16:41:38","True","North American Indian languages"
"sbp","Sangu","Digital Humanities","","","","2026-04-19 16:41:38","","Niger-Kordofanian languages"
"sou","Southern Thai","Digital Humanities","","","","2026-04-19 16:41:38","","Tai languages"
"gcr","Guianese Creole French","Digital Humanities","","","","2026-04-19 16:41:38","","Creoles and pidgins"
"hmn","Hmong","Digital Humanities","Kev Kawm Txog Tib Neeg Hauv Digital","","","2026-04-19 16:41:38","","Hmong-Mien languages"
"hne","Chhattisgarhi","Digital Humanities","","","","2026-04-19 16:41:38","","Indo-European languages"
"hnn","Hanunoo","Digital Humanities","","","","2026-04-19 16:41:38","","Austronesian languages"
"scs","North Slavey","Digital Humanities","","","","2026-04-19 16:41:38","","North American Indian languages"
"hdn","Northern Haida","Digital Humanities","","","","2026-04-19 16:41:38","","Language isolate"
"ii","Nuosu","Digital Humanities","","","","2026-04-19 16:41:38","True","Sino-Tibetan languages"
"iba","Iban","Digital Humanities","Kemanusiaan Digital","","","2026-04-19 16:41:38","","Austronesian languages"
"ksf","Bafia","Digital Humanities","","","","2026-04-19 16:41:38","","Niger-Kordofanian languages"
"kpe","Kpelle","Digital Humanities","","","","2026-04-19 16:41:38","","Niger-Kordofanian languages"
"krc","Karachay-Balkar","Digital Humanities","","","","2026-04-19 16:41:38","","Altaic languages"
"krj","Kinaray-a","Digital Humanities","","","","2026-04-19 16:41:38","","Austronesian languages"
"kru","Kurukh","Digital Humanities","","","","2026-04-19 16:41:38","","Dravidian languages"
"ksb","Shambala","Digital Humanities","","","","2026-04-19 16:41:38","","Niger-Kordofanian languages"
"pko","Pökoot","Digital Humanities","","","","2026-04-19 16:41:38","","Nilo-Saharan languages"
"taj","Eastern Tamang","Digital Humanities","","","","2026-04-19 16:41:38","","Sino-Tibetan languages"
"rmo","Sinte Romani","Digital Humanities","","","","2026-04-19 16:41:38","","Indo-European languages"
"tbw","Tagbanwa","Digital Humanities","","","","2026-04-19 16:41:38","","Austronesian languages"
"otk","Old Turkish","Digital Humanities","","","","2026-04-19 16:41:38","","Altaic languages"
"tce","Southern Tutchone","Digital Humanities","","","","2026-04-19 16:41:38","","North American Indian languages"
"kam","Kamba","Digital Humanities","","","","2026-04-19 16:41:38","","Niger-Kordofanian languages"
"ife","Ifè","Digital Humanities","","","","2026-04-19 16:41:38","","Niger-Kordofanian languages"
"rgn","Romagnol","Digital Humanities","","","","2026-04-19 16:41:38","","Indo-European languages"
"kao","Xaasongaxango","Digital Humanities","","","","2026-04-19 16:41:38","","Niger-Kordofanian languages"
"ikt","Western Canadian Inuktitut","Digital Humanities","","","","2026-04-19 16:41:38","","Eskimo-Aleut languages"
"ria","Riang (India)","Digital Humanities","","","","2026-04-19 16:41:38","","Sino-Tibetan languages"
"kaw","Kawi","Digital Humanities","","","","2026-04-19 16:41:38","","Austronesian languages"
"lif","Limbu","Digital Humanities","","","","2026-04-19 16:41:38","","Sino-Tibetan languages"
"rjs","Rajbanshi","Digital Humanities","","","","2026-04-19 16:41:38","","Indo-European languages"
"chn","Chinook Jargon","Digital Humanities","","","","2026-04-19 16:41:38","","Creoles and pidgins"
"kln","Kalenjin","Digital Humanities","","","","2026-04-19 16:41:38","","Nilo-Saharan languages"
"na","Nauru","Digital Humanities","","","","2026-04-19 16:41:38","True","Austronesian languages"
"kjh","Khakas","Digital Humanities","","","","2026-04-19 16:41:38","","Altaic languages"
"mrh","Mara","Digital Humanities","","","","2026-04-19 16:41:38","True","Sino-Tibetan languages"
"stq","Saterland Frisian","Digital Humanities","","","","2026-04-19 16:41:38","","Indo-European languages"
"sei","Seri","Digital Humanities","","","","2026-04-19 16:41:38","","Language isolate"
"srx","Sirmauri","Digital Humanities","","","","2026-04-19 16:41:38","","Indo-European languages"
"gag","Gagauz","Digital Humanities","","","","2026-04-19 16:41:38","","Altaic languages"
"sd","Sindhi","Digital Humanities","ڊجيٽل هيومنٽيز","","","2026-04-19 16:41:38","","Indo-European languages"
"snk","Soninke","Digital Humanities","","","","2026-04-19 16:41:38","","Niger-Kordofanian languages"
"sg","Sango","Digital Humanities","Humanité numérique","","","2026-04-19 16:41:38","","Nilo-Saharan languages"
"sk","Slovak","Digital Humanities","Digitálne humanitné vedy","","","2026-04-19 16:41:38","","Indo-European languages"
"sm","Samoan","Digital Humanities","Mataupu Fa&#39;atekinolosi Fa&#39;atekinolosi","","","2026-04-19 16:41:38","","Austronesian languages"
"gbz","Zoroastrian Dari","Digital Humanities","","","","2026-04-19 16:41:38","","Indo-European languages"
"sn","Shona","Digital Humanities","Hunhu hweDigital","","","2026-04-19 16:41:38","","Niger-Kordofanian languages"
"sq","Albanian","Digital Humanities","Shkencat Humane Dixhitale","","","2026-04-19 16:41:38","","Indo-European languages"
"srr","Serer","Digital Humanities","","","","2026-04-19 16:41:38","","Niger-Kordofanian languages"
"sog","Sogdian","Digital Humanities","","","","2026-04-19 16:41:38","","Indo-European languages"
"srn","Sranan Tongo","Digital Humanities","","","","2026-04-19 16:41:38","","Creoles and pidgins"
"zh-tw","Traditional Chinese","Digital Humanities","數位人文","","","2026-04-19 16:41:38","","Sino-Tibetan languages"
"hsn","Xiang Chinese","Digital Humanities","","","","2026-04-19 16:41:38","","Sino-Tibetan languages"
"kbl","Kanembu","Digital Humanities","","","","2026-04-19 16:41:38","","Nilo-Saharan languages"
"tly","Talysh","Digital Humanities","","","","2026-04-19 16:41:38","","Indo-European languages"
"kaa","Kara-Kalpak","Digital Humanities","","","","2026-04-19 16:41:38","","Altaic languages"
"jrb","Judeo-Arabic","Digital Humanities","","","","2026-04-19 16:41:38","","Afro-Asiatic languages"
"sdc","Sassarese Sardinian","Digital Humanities","","","","2026-04-19 16:41:38","","Indo-European languages"
"tdd","Tai Nüa","Digital Humanities","","","","2026-04-19 16:41:38","","Tai languages"
"osc","Oscan","Digital Humanities","","","","2026-04-19 16:41:38","","Indo-European languages"
"syr","Syriac","Digital Humanities","","","","2026-04-19 16:41:38","","Afro-Asiatic languages"
"twq","Tasawaq","Digital Humanities","","","","2026-04-19 16:41:38","","Nilo-Saharan languages"
"trv","Taroko","Digital Humanities","","","","2026-04-19 16:41:38","","Austronesian languages"
"xlc","Lycian","Digital Humanities","","","","2026-04-19 16:41:38","","Indo-European languages"
"wbp","Warlpiri","Digital Humanities","","","","2026-04-19 16:41:38","","Australian languages"
"zgh","Standard Moroccan Tamazight","Digital Humanities","","","","2026-04-19 16:41:38","","Afro-Asiatic languages"
"tdg","Western Tamang","Digital Humanities","","","","2026-04-19 16:41:38","","Sino-Tibetan languages"
"zun","Zuni","Digital Humanities","","","","2026-04-19 16:41:38","","Language isolate"
"vro","Võro","Digital Humanities","","","","2026-04-19 16:41:38","","Uralic languages"
"vun","Vunjo","Digital Humanities","","","","2026-04-19 16:41:38","","Niger-Kordofanian languages"
"nyn","Nyankole","Digital Humanities","","","","2026-04-19 16:41:38","","Niger-Kordofanian languages"
"vot","Votic","Digital Humanities","","","","2026-04-19 16:41:38","","Uralic languages"
"swg","Swabian","Digital Humanities","","","","2026-04-19 16:41:38","","Indo-European languages"
"yrl","Nheengatu","Digital Humanities","","","","2026-04-19 16:41:38","","South American Indian languages"
"xmn","Manichaean Middle Persian","Digital Humanities","","","","2026-04-19 16:41:38","","Indo-European languages"
"wbq","Waddar","Digital Humanities","","","","2026-04-19 16:41:38","","Indo-European languages"
"tdh","Thulung","Digital Humanities","","","","2026-04-19 16:41:38","","Sino-Tibetan languages"
"trw","Torwali","Digital Humanities","","","","2026-04-19 16:41:38","","Indo-European languages"
"tem","Timne","Digital Humanities","","","","2026-04-19 16:41:38","","Niger-Kordofanian languages"
"teo","Teso","Digital Humanities","","","","2026-04-19 16:41:38","","Nilo-Saharan languages"
"ter","Tereno","Digital Humanities","","","","2026-04-19 16:41:38","","South American Indian languages"
"tgx","Tagish","Digital Humanities","","","","2026-04-19 16:41:38","","North American Indian languages"
"thq","Kochila Tharu","Digital Humanities","","","","2026-04-19 16:41:38","","Indo-European languages"
"rcf","Réunion Creole French","Digital Humanities","","","","2026-04-19 16:41:38","","Creoles and pidgins"
"kpy","Koryak","Digital Humanities","","","","2026-04-19 16:41:38","","Chukotko-Kamchatkan languages"
"gjk","Kachi Koli","Digital Humanities","","","","2026-04-19 16:41:38","","Indo-European languages"
"sli","Lower Silesian","Digital Humanities","","","","2026-04-19 16:41:38","","Indo-European languages"
"rom","Romany","Digital Humanities","Digitalno Humaniàlo","","","2026-04-19 16:41:38","","Indo-European languages"
"hmd","Large Flowery Miao","Digital Humanities","","","","2026-04-19 16:41:38","","Hmong-Mien languages"
"hnd","Southern Hindko","Digital Humanities","","","","2026-04-19 16:41:38","","Indo-European languages"
"hnj","Hmong Njua","Digital Humanities","","","","2026-04-19 16:41:38","","Hmong-Mien languages"
"hno","Northern Hindko","Digital Humanities","","","","2026-04-19 16:41:38","","Indo-European languages"
"hop","Hopi","Digital Humanities","","","","2026-04-19 16:41:38","","North American Indian languages"
"hsb","Upper Sorbian","Digital Humanities","","","","2026-04-19 16:41:38","","Indo-European languages"
"kho","Khotanese","Digital Humanities","","","","2026-04-19 16:41:38","","Indo-European languages"
"kcg","Tyap","Digital Humanities","","","","2026-04-19 16:41:38","","Niger-Kordofanian languages"
"tli","Tlingit","Digital Humanities","","","","2026-04-19 16:41:38","","North American Indian languages"
"tyv","Tuvinian","Digital Humanities","Санныг гуманитарлыг эртемнер","","","2026-04-19 16:41:38","","Altaic languages"
"kos","Kosraean","Digital Humanities","","","","2026-04-19 16:41:38","","Austronesian languages"
"syl","Sylheti","Digital Humanities","","","","2026-04-19 16:41:38","","Indo-European languages"
"tzm","Central Atlas Tamazight","Digital Humanities","","","","2026-04-19 16:41:38","","Afro-Asiatic languages"
"ude","Udihe","Digital Humanities","","","","2026-04-19 16:41:38","","Altaic languages"
"tkr","Tsakhur","Digital Humanities","","","","2026-04-19 16:41:38","","Caucasian languages"
"tsd","Tsakonian","Digital Humanities","","","","2026-04-19 16:41:38","","Indo-European languages"
"wal","Wolaytta","Digital Humanities","","","","2026-04-19 16:41:38","","Afro-Asiatic languages"
"ota","Turkish, Ottoman (1500-1928)","Digital Humanities","","","","2026-04-19 16:41:38","","Altaic languages"
"rup","Aromanian","Digital Humanities","","","","2026-04-19 16:41:38","","Indo-European languages"
"shu","Chadian Arabic","Digital Humanities","","","","2026-04-19 16:41:38","","Afro-Asiatic languages"
"skr","Saraiki","Digital Humanities","","","","2026-04-19 16:41:38","","Indo-European languages"
"szl","Silesian","Digital Humanities","Cyfrowe nauki humanistyczne","","","2026-04-19 16:41:38","","Indo-European languages"
"thr","Rana Tharu","Digital Humanities","","","","2026-04-19 16:41:38","","Indo-European languages"
"tht","Tahltan","Digital Humanities","","","","2026-04-19 16:41:38","","North American Indian languages"
"unx","Munda","Digital Humanities","","","","2026-04-19 16:41:38","","Austro-Asiatic languages"
"wbr","Wagdi","Digital Humanities","","","","2026-04-19 16:41:38","","Indo-European languages"
"wls","Wallisian","Digital Humanities","","","","2026-04-19 16:41:38","","Austronesian languages"
"wni","Ndzwani Comorian","Digital Humanities","","","","2026-04-19 16:41:38","","Niger-Kordofanian languages"
"wtm","Mewati","Digital Humanities","","","","2026-04-19 16:41:38","","Indo-European languages"
"wuu","Wu Chinese","Digital Humanities","","","","2026-04-19 16:41:38","","Sino-Tibetan languages"
"xav","Xavánte","Digital Humanities","","","","2026-04-19 16:41:38","","South American Indian languages"
"xcr","Carian","Digital Humanities","","","","2026-04-19 16:41:38","","Indo-European languages"
"xld","Lydian","Digital Humanities","","","","2026-04-19 16:41:38","","Indo-European languages"
"ybb","Yemba","Digital Humanities","","","","2026-04-19 16:41:38","","Niger-Kordofanian languages"
"sux","Sumerian","Digital Humanities","","","","2026-04-19 16:41:38","","Language isolate"
"unr","Mundari","Digital Humanities","","","","2026-04-19 16:41:38","","Austro-Asiatic languages"
"xog","Soga","Digital Humanities","","","","2026-04-19 16:41:38","","Niger-Kordofanian languages"
"prd","Parsi-Dari","Digital Humanities","","","","2026-04-19 16:41:38","","Indo-European languages"
"pro","Old Provençal","Digital Humanities","","","","2026-04-19 16:41:38","","Indo-European languages"
"puu","Punu","Digital Humanities","","","","2026-04-19 16:41:38","","Niger-Kordofanian languages"
"quc","Kʼicheʼ","Digital Humanities","","","","2026-04-19 16:41:38","","Central American Indian languages"
"qug","Chimborazo Highland Quichua","Digital Humanities","","","","2026-04-19 16:41:38","","South American Indian languages"
"raj","Rajasthani","Digital Humanities","","","","2026-04-19 16:41:38","","Indo-European languages"
"rap","Rapanui","Digital Humanities","","","","2026-04-19 16:41:38","","Austronesian languages"
"rar","Rarotongan","Digital Humanities","","","","2026-04-19 16:41:38","","Austronesian languages"
"wae","Walser","Digital Humanities","","","","2026-04-19 16:41:38","","Indo-European languages"
"tab","Tabassaran","Digital Humanities","","","","2026-04-19 16:41:38","","Caucasian languages"
"xum","Umbrian","Digital Humanities","","","","2026-04-19 16:41:38","","Indo-European languages"
"xsr","Sherpa","Digital Humanities","","","","2026-04-19 16:41:38","","Sino-Tibetan languages"
"xsa","Sabaean","Digital Humanities","","","","2026-04-19 16:41:38","","Afro-Asiatic languages"
"xpr","Parthian","Digital Humanities","","","","2026-04-19 16:41:38","","Indo-European languages"
"yua","Yucateco","Digital Humanities","Humanidades digitales","","","2026-04-19 16:41:38","","Central American Indian languages"
"yue","Cantonese","Digital Humanities","數碼人文","","","2026-04-19 16:41:38","","Sino-Tibetan languages"
"zag","Zaghawa","Digital Humanities","","","","2026-04-19 16:41:38","","Nilo-Saharan languages"
"zap","Zapotec","Digital Humanities","Humanidades digitales","","","2026-04-19 16:41:38","","Central American Indian languages"
"zbl","Blissymbols","Digital Humanities","","","","2026-04-19 16:41:38","","Artificial languages"
"zdj","Ngazidja Comorian","Digital Humanities","","","","2026-04-19 16:41:38","","Niger-Kordofanian languages"
"zea","Zeelandic","Digital Humanities","","","","2026-04-19 16:41:38","","Indo-European languages"
"zen","Zenaga","Digital Humanities","","","","2026-04-19 16:41:38","","Afro-Asiatic languages"
"zmi","Negeri Sembilan Malay","Digital Humanities","","","","2026-04-19 16:41:38","","Austronesian languages"
"uli","Ulithian","Digital Humanities","","","","2026-04-19 16:41:38","","Austronesian languages"
"umb","Umbundu","Digital Humanities","","","","2026-04-19 16:41:38","","Niger-Kordofanian languages"
"xnr","Kangri","Digital Humanities","","","","2026-04-19 16:41:38","","Indo-European languages"
"xna","Ancient North Arabian","Digital Humanities","","","","2026-04-19 16:41:38","","Afro-Asiatic languages"
"xmr","Meroitic","Digital Humanities","","","","2026-04-19 16:41:38","","Language isolate"
"was","Washo","Digital Humanities","","","","2026-04-19 16:41:38","","Language isolate"
"vai","Vai","Digital Humanities","","","","2026-04-19 16:41:38","","Niger-Kordofanian languages"
"vep","Veps","Digital Humanities","","","","2026-04-19 16:41:38","","Uralic languages"
"vic","Virgin Islands Creole English","Digital Humanities","","","","2026-04-19 16:41:38","","Creoles and pidgins"
"vmf","Main-Franconian","Digital Humanities","","","","2026-04-19 16:41:38","","Indo-European languages"
"vmw","Makhuwa","Digital Humanities","","","","2026-04-19 16:41:38","","Niger-Kordofanian languages"
"yrk","Nenets","Digital Humanities","","","","2026-04-19 16:41:38","","Uralic languages"
"thl","Dangaura Tharu","Digital Humanities","","","","2026-04-19 16:41:38","","Indo-European languages"
