language,language_name,term_source,term,translated_term
ab,Abkhaz,Humanities,,
aa,Afar,Humanities,,
af,Afrikaans,Humanities,,Geesteswetenskappe
ak,Akan,Humanities,,Nnipa ho adesua
sq,Albanian,Humanities,,shkencat humane
am,Amharic,Humanities,,ሰብአዊነት
ar,Arabic,Humanities,,العلوم الإنسانية
an,Aragonese,Humanities,,
hy,Armenian,Humanities,,Հումանիտար գիտություններ
as,Assamese,Humanities,,মানৱীয় বিজ্ঞান
av,Avaric,Humanities,,
ae,Avestan,Humanities,,
ay,Aymara,Humanities,,Jaqinakan yatxatatanakapa
az,Azerbaijani,Humanities,,Humanitar elmlər
bm,Bambara,Humanities,,Hadamadenw ka dɔnniyaw
ba,Bashkir,Humanities,,
eu,Basque,Humanities,,Humanitateak
be,Belarusian,Humanities,,Гуманітарныя навукі
bn,Bengali,Humanities,,মানবিক
bh,Bihari,Humanities,,मानविकी के बारे में बतावल गइल बा
bi,Bislama,Humanities,,
bs,Bosnian,Humanities,,Humanističke nauke
br,Breton,Humanities,,
bg,Bulgarian,Humanities,,Хуманитарни науки
my,Burmese,Humanities,,လူသားပညာ
ca,Catalan; Valencian,Humanities,,Humanitats
ch,Chamorro,Humanities,,
ce,Chechen,Humanities,,
ny,Chichewa; Chewa; Nyanja,Humanities,,Anthu
zh,Chinese,Humanities,,人文学科
cv,Chuvash,Humanities,,
kw,Cornish,Humanities,,
co,Corsican,Humanities,,Umanità
cr,Cree,Humanities,,
hr,Croatian,Humanities,,Humanističke znanosti
cs,Czech,Humanities,,Humanitní vědy
da,Danish,Humanities,,Humaniora
dv,Divehi; Maldivian;,Humanities,,ހިއުމަނިޓީސް އެވެ
nl,Dutch,Humanities,,Geesteswetenschappen
dz,Dzongkha,Humanities,,
en,English,Humanities,,Humanities
eo,Esperanto,Humanities,,Homaroj
et,Estonian,Humanities,,Humanitaarteadused
ee,Ewe,Humanities,,Amegbetɔŋutinunya
fo,Faroese,Humanities,,
fj,Fijian,Humanities,,
fi,Finnish,Humanities,,Humanistiset tieteet
fr,French,Humanities,,Sciences humaines
ff,Fula,Humanities,,
gl,Galician,Humanities,,Humanidades
ka,Georgian,Humanities,,ჰუმანიტარული მეცნიერებები
de,German,Humanities,,Geisteswissenschaften
el,"Greek, Modern",Humanities,,Κλασσικές μελέτες
gn,Guaraní,Humanities,,Humanidades rehegua
gu,Gujarati,Humanities,,માનવતા
ht,Haitian,Humanities,,Syans imanitè
ha,Hausa,Humanities,,Dan Adam
he,Hebrew (modern),Humanities,,מַדָעֵי הָרוּחַ
hz,Herero,Humanities,,
hi,Hindi,Humanities,,मानविकी
ho,Hiri Motu,Humanities,,
hu,Hungarian,Humanities,,Bölcsészettudományok
ia,Interlingua,Humanities,,
id,Indonesian,Humanities,,Sastra
ie,Interlingue,Humanities,,
ga,Irish,Humanities,,Daonnachtaí
ig,Igbo,Humanities,,Ụmụ mmadụ
ik,Inupiaq,Humanities,,
io,Ido,Humanities,,
is,Icelandic,Humanities,,Hugvísindi
it,Italian,Humanities,,Studi umanistici
iu,Inuktitut,Humanities,,
ja,Japanese,Humanities,,人文科学
jv,Javanese,Humanities,,Kamanungsan
kl,Kalaallisut,Humanities,,
kn,Kannada,Humanities,,ಮಾನವಿಕಗಳು
kr,Kanuri,Humanities,,
ks,Kashmiri,Humanities,,
kk,Kazakh,Humanities,,Гуманитарлық ғылымдар
km,Khmer,Humanities,,មនុស្សធម៌
ki,"Kikuyu, Gikuyu",Humanities,,
rw,Kinyarwanda,Humanities,,Ubumuntu
ky,"Kirghiz, Kyrgyz",Humanities,,Гуманитардык илимдер
kv,Komi,Humanities,,
kg,Kongo,Humanities,,
ko,Korean,Humanities,,인문학
ku,Kurdish,Humanities,,Humanities
kj,"Kwanyama, Kuanyama",Humanities,,
la,Latin,Humanities,,Humanitates
lb,Luxembourgish,Humanities,,Geeschteswëssenschaften
lg,Luganda,Humanities,,Eby’obuntubulamu
li,Limburgish,Humanities,,
ln,Lingala,Humanities,,Boyekoli ya bato
lo,Lao,Humanities,,ມະນຸດສາດ
lt,Lithuanian,Humanities,,Humanitariniai mokslai
lu,Luba-Katanga,Humanities,,
lv,Latvian,Humanities,,Humanitārās zinātnes
gv,Manx,Humanities,,
mk,Macedonian,Humanities,,Хуманитарните науки
mg,Malagasy,Humanities,,Humanities
ms,Malay,Humanities,,Kemanusiaan
ml,Malayalam,Humanities,,ഹ്യുമാനിറ്റീസ്
mt,Maltese,Humanities,,Umanistika
mi,Māori,Humanities,,Tikanga tangata
mr,Marathi (Marāṭhī),Humanities,,मानवता
mh,Marshallese,Humanities,,
mn,Mongolian,Humanities,,Хүмүүнлэгийн ухаан
na,Nauru,Humanities,,
nv,"Navajo, Navaho",Humanities,,
nb,Norwegian Bokmål,Humanities,,Humaniora
nd,North Ndebele,Humanities,,
ne,Nepali,Humanities,,मानविकी
ng,Ndonga,Humanities,,
nn,Norwegian Nynorsk,Humanities,,
no,Norwegian,Humanities,,Humaniora
ii,Nuosu,Humanities,,
nr,South Ndebele,Humanities,,
oc,Occitan,Humanities,,
oj,"Ojibwe, Ojibwa",Humanities,,
cu,Old Church Slavonic,Humanities,,
om,Oromo,Humanities,,Saayinsii Namoomaa
or,Oriya,Humanities,,ମାନବିକତା
os,"Ossetian, Ossetic",Humanities,,
pa,"Panjabi, Punjabi",Humanities,,ਮਨੁੱਖਤਾ
pi,Pāli,Humanities,,
fa,Persian,Humanities,,علوم انسانی
pl,Polish,Humanities,,Humanistyka
ps,"Pashto, Pushto",Humanities,,انسانیتونه
pt,Portuguese,Humanities,,humanidades
qu,Quechua,Humanities,,Runa yachaykuna
rm,Romansh,Humanities,,
rn,Kirundi,Humanities,,
ro,"Romanian, Moldavan",Humanities,,Științe umaniste
ru,Russian,Humanities,,Гуманитарные науки
sa,Sanskrit (Saṁskṛta),Humanities,,मानविकी
sh,Serbo-Crotian,Humanities,,Хуманистичке науке
sc,Sardinian,Humanities,,
sd,Sindhi,Humanities,,انسانيت
se,Northern Sami,Humanities,,
sm,Samoan,Humanities,,Humanities
sg,Sango,Humanities,,
sr,Serbian,Humanities,,Хуманистичке науке
gd,Scottish Gaelic,Humanities,,Daonnachdan
sn,Shona,Humanities,,Humanities
si,"Sinhala, Sinhalese",Humanities,,මානව ශාස්ත්ර
sk,Slovak,Humanities,,Humanitné vedy
sl,Slovene,Humanities,,Humanistika
so,Somali,Humanities,,Dadnimada
st,Southern Sotho,Humanities,,Botho
es,Spanish; Castilian,Humanities,,Humanidades
su,Sundanese,Humanities,,Kamanusaan
sw,Swahili,Humanities,,Wanadamu
ss,Swati,Humanities,,
sv,Swedish,Humanities,,Humaniora
ta,Tamil,Humanities,,மனிதநேயம்
te,Telugu,Humanities,,మానవీయ శాస్త్రాలు
tg,Tajik,Humanities,,Илмҳои гуманитарӣ
th,Thai,Humanities,,มนุษยศาสตร์
ti,Tigrinya,Humanities,,ሰብኣዊ ስነፍልጠት
bo,Tibetan,Humanities,,
tk,Turkmen,Humanities,,Ynsanperwerlik
tl,Tagalog,Humanities,,Humanities
tn,Tswana,Humanities,,
to,Tonga,Humanities,,
tr,Turkish,Humanities,,Beşeri bilimler
ts,Tsonga,Humanities,,Vutivi bya vanhu
tt,Tatar,Humanities,,Гуманитар фәннәр
tw,Twi,Humanities,,Nnipa ho adesua
ty,Tahitian,Humanities,,
ug,"Uighur, Uyghur",Humanities,,ئىنسانىيەت
uk,Ukrainian,Humanities,,Гуманітарні науки
ur,Urdu,Humanities,,ہیومینٹیز
uz,Uzbek,Humanities,,Gumanitar fanlar
ve,Venda,Humanities,,
vi,Vietnamese,Humanities,,nhân văn
vo,Volapük,Humanities,,
wa,Walloon,Humanities,,
cy,Welsh,Humanities,,Dyniaethau
wo,Wolof,Humanities,,
fy,Western Frisian,Humanities,,Humanities
xh,Xhosa,Humanities,,Abantu
yi,Yiddish,Humanities,,הומאַניטיעס
yo,Yoruba,Humanities,,Eda eniyan
za,"Zhuang, Chuang",Humanities,,
zu,Zulu,Humanities,,Ezabantu
ab,Abkhaz,Public History,,
aa,Afar,Public History,,
af,Afrikaans,Public History,,Openbare Geskiedenis
ak,Akan,Public History,,Ɔmanfo Abakɔsɛm
sq,Albanian,Public History,,Histori Publike
am,Amharic,Public History,,የህዝብ ታሪክ
ar,Arabic,Public History,,التاريخ العام
an,Aragonese,Public History,,
hy,Armenian,Public History,,Հանրային պատմություն
as,Assamese,Public History,,ৰাজহুৱা ইতিহাস
av,Avaric,Public History,,
ae,Avestan,Public History,,
ay,Aymara,Public History,,Historia Pública uka tuqita
az,Azerbaijani,Public History,,İctimai Tarix
bm,Bambara,Public History,,Foroba tariku
ba,Bashkir,Public History,,
eu,Basque,Public History,,Historia Publikoa
be,Belarusian,Public History,,Публічная гісторыя
bn,Bengali,Public History,,পাবলিক হিস্ট্রি
bh,Bihari,Public History,,सार्वजनिक इतिहास के बारे में बतावल गइल बा
bi,Bislama,Public History,,
bs,Bosnian,Public History,,Public History
br,Breton,Public History,,
bg,Bulgarian,Public History,,Публична история
my,Burmese,Public History,,လူထုသမိုင်း
ca,Catalan; Valencian,Public History,,Història Pública
ch,Chamorro,Public History,,
ce,Chechen,Public History,,
ny,Chichewa; Chewa; Nyanja,Public History,,Mbiri Yambiri
zh,Chinese,Public History,,公共历史
cv,Chuvash,Public History,,
kw,Cornish,Public History,,
co,Corsican,Public History,,Storia publica
cr,Cree,Public History,,
hr,Croatian,Public History,,Javna povijest
cs,Czech,Public History,,Veřejné dějiny
da,Danish,Public History,,Offentlig historie
dv,Divehi; Maldivian;,Public History,,ޕަބްލިކް ހީސްޓްރީ
nl,Dutch,Public History,,Openbare geschiedenis
dz,Dzongkha,Public History,,
en,English,Public History,,Public History
eo,Esperanto,Public History,,Publika Historio
et,Estonian,Public History,,Avalik ajalugu
ee,Ewe,Public History,,Dutoƒo Ŋutinya
fo,Faroese,Public History,,
fj,Fijian,Public History,,
fi,Finnish,Public History,,Julkinen historia
fr,French,Public History,,Histoire publique
ff,Fula,Public History,,
gl,Galician,Public History,,Historia Pública
ka,Georgian,Public History,,საჯარო ისტორია
de,German,Public History,,Öffentliche Geschichte
el,"Greek, Modern",Public History,,Δημόσια Ιστορία
gn,Guaraní,Public History,,Tembiasakue Público rehegua
gu,Gujarati,Public History,,જાહેર ઇતિહાસ
ht,Haitian,Public History,,Istwa Piblik
ha,Hausa,Public History,,Tarihin Jama&#39;a
he,Hebrew (modern),Public History,,היסטוריה ציבורית
hz,Herero,Public History,,
hi,Hindi,Public History,,सार्वजनिक इतिहास
ho,Hiri Motu,Public History,,
hu,Hungarian,Public History,,Köztörténet
ia,Interlingua,Public History,,
id,Indonesian,Public History,,Sejarah Publik
ie,Interlingue,Public History,,
ga,Irish,Public History,,Stair Phoiblí
ig,Igbo,Public History,,Akụkọ Ọha
ik,Inupiaq,Public History,,
io,Ido,Public History,,
is,Icelandic,Public History,,Opinber saga
it,Italian,Public History,,Storia pubblica
iu,Inuktitut,Public History,,
ja,Japanese,Public History,,公の歴史
jv,Javanese,Public History,,Riwayat Umum
kl,Kalaallisut,Public History,,
kn,Kannada,Public History,,ಸಾರ್ವಜನಿಕ ಇತಿಹಾಸ
kr,Kanuri,Public History,,
ks,Kashmiri,Public History,,
kk,Kazakh,Public History,,Қоғамдық тарих
km,Khmer,Public History,,ប្រវត្តិសាស្រ្តសាធារណៈ
ki,"Kikuyu, Gikuyu",Public History,,
rw,Kinyarwanda,Public History,,Amateka rusange
ky,"Kirghiz, Kyrgyz",Public History,,Коомдук тарых
kv,Komi,Public History,,
kg,Kongo,Public History,,
ko,Korean,Public History,,공공 역사
ku,Kurdish,Public History,,Dîroka Giştî
kj,"Kwanyama, Kuanyama",Public History,,
la,Latin,Public History,,Publica Historia
lb,Luxembourgish,Public History,,Ëffentlech Geschicht
lg,Luganda,Public History,,Ebyafaayo by’olukale
li,Limburgish,Public History,,
ln,Lingala,Public History,,Lisolo ya bato nyonso
lo,Lao,Public History,,ປະຫວັດສາດສາທາລະນະ
lt,Lithuanian,Public History,,Viešoji istorija
lu,Luba-Katanga,Public History,,
lv,Latvian,Public History,,Publiskā vēsture
gv,Manx,Public History,,
mk,Macedonian,Public History,,Јавна историја
mg,Malagasy,Public History,,Tantaram-bahoaka
ms,Malay,Public History,,Sejarah Awam
ml,Malayalam,Public History,,പൊതു ചരിത്രം
mt,Maltese,Public History,,Storja Pubblika
mi,Māori,Public History,,Hītori Tūmatanui
mr,Marathi (Marāṭhī),Public History,,सार्वजनिक इतिहास
mh,Marshallese,Public History,,
mn,Mongolian,Public History,,Нийтийн түүх
na,Nauru,Public History,,
nv,"Navajo, Navaho",Public History,,
nb,Norwegian Bokmål,Public History,,Offentlig historie
nd,North Ndebele,Public History,,
ne,Nepali,Public History,,सार्वजनिक इतिहास
ng,Ndonga,Public History,,
nn,Norwegian Nynorsk,Public History,,
no,Norwegian,Public History,,Offentlig historie
ii,Nuosu,Public History,,
nr,South Ndebele,Public History,,
oc,Occitan,Public History,,
oj,"Ojibwe, Ojibwa",Public History,,
cu,Old Church Slavonic,Public History,,
om,Oromo,Public History,,Seenaa Ummataa
or,Oriya,Public History,,ଜନସାଧାରଣ ଇତିହାସ
os,"Ossetian, Ossetic",Public History,,
pa,"Panjabi, Punjabi",Public History,,ਜਨਤਕ ਇਤਿਹਾਸ
pi,Pāli,Public History,,
fa,Persian,Public History,,تاریخ عمومی
pl,Polish,Public History,,Historia publiczna
ps,"Pashto, Pushto",Public History,,عامه تاریخ
pt,Portuguese,Public History,,história pública
qu,Quechua,Public History,,Historia Pública nisqamanta
rm,Romansh,Public History,,
rn,Kirundi,Public History,,
ro,"Romanian, Moldavan",Public History,,Istorie publică
ru,Russian,Public History,,Публичная история
sa,Sanskrit (Saṁskṛta),Public History,,सार्वजनिक इतिहास
sh,Serbo-Crotian,Public History,,Публиц Хистори
sc,Sardinian,Public History,,
sd,Sindhi,Public History,,عوامي تاريخ
se,Northern Sami,Public History,,
sm,Samoan,Public History,,Talafa&#39;asolopito Lautele
sg,Sango,Public History,,
sr,Serbian,Public History,,Публиц Хистори
gd,Scottish Gaelic,Public History,,Eachdraidh Phoblach
sn,Shona,Public History,,Public History
si,"Sinhala, Sinhalese",Public History,,මහජන ඉතිහාසය
sk,Slovak,Public History,,Verejná história
sl,Slovene,Public History,,Javna zgodovina
so,Somali,Public History,,Taariikhda Dadweynaha
st,Southern Sotho,Public History,,Histori ea Sechaba
es,Spanish; Castilian,Public History,,Historia Pública
su,Sundanese,Public History,,Sajarah umum
sw,Swahili,Public History,,Historia ya Umma
ss,Swati,Public History,,
sv,Swedish,Public History,,Offentlig historia
ta,Tamil,Public History,,பொது வரலாறு
te,Telugu,Public History,,ప్రజా చరిత్ర
tg,Tajik,Public History,,Таърихи ҷамъиятӣ
th,Thai,Public History,,ประวัติศาสตร์สาธารณะ
ti,Tigrinya,Public History,,ህዝባዊ ታሪኽ
bo,Tibetan,Public History,,
tk,Turkmen,Public History,,Jemgyýetçilik taryhy
tl,Tagalog,Public History,,Pampublikong Kasaysayan
tn,Tswana,Public History,,
to,Tonga,Public History,,
tr,Turkish,Public History,,Kamu Tarihi
ts,Tsonga,Public History,,Matimu ya Mani na Mani
tt,Tatar,Public History,,Халык тарихы
tw,Twi,Public History,,Ɔmanfo Abakɔsɛm
ty,Tahitian,Public History,,
ug,"Uighur, Uyghur",Public History,,ئاممىۋى تارىخ
uk,Ukrainian,Public History,,Публічна історія
ur,Urdu,Public History,,عوامی تاریخ
uz,Uzbek,Public History,,Jamoatchilik tarixi
ve,Venda,Public History,,
vi,Vietnamese,Public History,,Lịch sử công cộng
vo,Volapük,Public History,,
wa,Walloon,Public History,,
cy,Welsh,Public History,,Hanes Cyhoeddus
wo,Wolof,Public History,,
fy,Western Frisian,Public History,,Publike Skiednis
xh,Xhosa,Public History,,Imbali yoLuntu
yi,Yiddish,Public History,,פובליק געשיכטע
yo,Yoruba,Public History,,Itan Ilu
za,"Zhuang, Chuang",Public History,,
zu,Zulu,Public History,,Umlando Womphakathi
ab,Abkhaz,Digital History,,
aa,Afar,Digital History,,
af,Afrikaans,Digital History,,Digitale geskiedenis
ak,Akan,Digital History,,Digitals Abakɔsɛm
sq,Albanian,Digital History,,Historia Dixhitale
am,Amharic,Digital History,,ዲጂታል ታሪክ
ar,Arabic,Digital History,,التاريخ الرقمي
an,Aragonese,Digital History,,
hy,Armenian,Digital History,,Թվային պատմություն
as,Assamese,Digital History,,ডিজিটেল ইতিহাস
av,Avaric,Digital History,,
ae,Avestan,Digital History,,
ay,Aymara,Digital History,,Historia Digital ukax mä jach’a uñt’ayawiwa
az,Azerbaijani,Digital History,,Rəqəmsal tarix
bm,Bambara,Digital History,,Tariku numɛriki
ba,Bashkir,Digital History,,
eu,Basque,Digital History,,Historia digitala
be,Belarusian,Digital History,,Лічбавая гісторыя
bn,Bengali,Digital History,,ডিজিটাল ইতিহাস
bh,Bihari,Digital History,,डिजिटल इतिहास के बारे में बतावल गइल बा
bi,Bislama,Digital History,,
bs,Bosnian,Digital History,,Digital History
br,Breton,Digital History,,
bg,Bulgarian,Digital History,,Дигитална история
my,Burmese,Digital History,,ဒစ်ဂျစ်တယ်သမိုင်း
ca,Catalan; Valencian,Digital History,,Història digital
ch,Chamorro,Digital History,,
ce,Chechen,Digital History,,
ny,Chichewa; Chewa; Nyanja,Digital History,,Mbiri Yakale
zh,Chinese,Digital History,,数字历史
cv,Chuvash,Digital History,,
kw,Cornish,Digital History,,
co,Corsican,Digital History,,Storia digitale
cr,Cree,Digital History,,
hr,Croatian,Digital History,,Digitalna povijest
cs,Czech,Digital History,,Digitální historie
da,Danish,Digital History,,Digital historie
dv,Divehi; Maldivian;,Digital History,,ޑިޖިޓަލް ތާރީޚެވެ
nl,Dutch,Digital History,,Digitale geschiedenis
dz,Dzongkha,Digital History,,
en,English,Digital History,,Digital History
eo,Esperanto,Digital History,,Cifereca Historio
et,Estonian,Digital History,,Digitaalne ajalugu
ee,Ewe,Digital History,,Digitál Ŋutinya
fo,Faroese,Digital History,,
fj,Fijian,Digital History,,
fi,Finnish,Digital History,,Digitaalinen historia
fr,French,Digital History,,Histoire numérique
ff,Fula,Digital History,,
gl,Galician,Digital History,,Historia dixital
ka,Georgian,Digital History,,ციფრული ისტორია
de,German,Digital History,,Digitale Geschichte
el,"Greek, Modern",Digital History,,Ψηφιακή Ιστορία
gn,Guaraní,Digital History,,Tembiasakue Digital rehegua
gu,Gujarati,Digital History,,ડિજિટલ ઇતિહાસ
ht,Haitian,Digital History,,Istwa dijital
ha,Hausa,Digital History,,Tarihin Dijital
he,Hebrew (modern),Digital History,,היסטוריה דיגיטלית
hz,Herero,Digital History,,
hi,Hindi,Digital History,,डिजिटल इतिहास
ho,Hiri Motu,Digital History,,
hu,Hungarian,Digital History,,Digitális történelem
ia,Interlingua,Digital History,,
id,Indonesian,Digital History,,Sejarah Digital
ie,Interlingue,Digital History,,
ga,Irish,Digital History,,Stair Dhigiteach
ig,Igbo,Digital History,,Akụkọ dijitalụ
ik,Inupiaq,Digital History,,
io,Ido,Digital History,,
is,Icelandic,Digital History,,Stafræn saga
it,Italian,Digital History,,
iu,Inuktitut,Digital History,,
ja,Japanese,Digital History,,デジタルヒストリー
jv,Javanese,Digital History,,Riwayat Digital
kl,Kalaallisut,Digital History,,
kn,Kannada,Digital History,,ಡಿಜಿಟಲ್ ಇತಿಹಾಸ
kr,Kanuri,Digital History,,
ks,Kashmiri,Digital History,,
kk,Kazakh,Digital History,,Сандық тарих
km,Khmer,Digital History,,ប្រវត្តិឌីជីថល
ki,"Kikuyu, Gikuyu",Digital History,,
rw,Kinyarwanda,Digital History,,Amateka ya Digitale
ky,"Kirghiz, Kyrgyz",Digital History,,Digital History
kv,Komi,Digital History,,
kg,Kongo,Digital History,,
ko,Korean,Digital History,,디지털 역사
ku,Kurdish,Digital History,,Dîroka dîjîtal
kj,"Kwanyama, Kuanyama",Digital History,,
la,Latin,Digital History,,Digital History
lb,Luxembourgish,Digital History,,Digital Geschicht
lg,Luganda,Digital History,,Ebyafaayo bya Digital
li,Limburgish,Digital History,,
ln,Lingala,Digital History,,Histoire numérique
lo,Lao,Digital History,,ປະຫວັດສາດດິຈິຕອນ
lt,Lithuanian,Digital History,,Skaitmeninė istorija
lu,Luba-Katanga,Digital History,,
lv,Latvian,Digital History,,Digitālā vēsture
gv,Manx,Digital History,,
mk,Macedonian,Digital History,,Дигитална историја
mg,Malagasy,Digital History,,Tantara nomerika
ms,Malay,Digital History,,Sejarah Digital
ml,Malayalam,Digital History,,ഡിജിറ്റൽ ചരിത്രം
mt,Maltese,Digital History,,Storja Diġitali
mi,Māori,Digital History,,Hītori Mamati
mr,Marathi (Marāṭhī),Digital History,,डिजिटल इतिहास
mh,Marshallese,Digital History,,
mn,Mongolian,Digital History,,Дижитал түүх
na,Nauru,Digital History,,
nv,"Navajo, Navaho",Digital History,,
nb,Norwegian Bokmål,Digital History,,Digital historie
nd,North Ndebele,Digital History,,
ne,Nepali,Digital History,,डिजिटल इतिहास
ng,Ndonga,Digital History,,
nn,Norwegian Nynorsk,Digital History,,
no,Norwegian,Digital History,,Digital historie
ii,Nuosu,Digital History,,
nr,South Ndebele,Digital History,,
oc,Occitan,Digital History,,
oj,"Ojibwe, Ojibwa",Digital History,,
cu,Old Church Slavonic,Digital History,,
om,Oromo,Digital History,,Seenaa Dijitaalaa
or,Oriya,Digital History,,ଡିଜିଟାଲ୍ ଇତିହାସ |
os,"Ossetian, Ossetic",Digital History,,
pa,"Panjabi, Punjabi",Digital History,,ਡਿਜੀਟਲ ਇਤਿਹਾਸ
pi,Pāli,Digital History,,
fa,Persian,Digital History,,تاریخ دیجیتال
pl,Polish,Digital History,,Historia cyfrowa
ps,"Pashto, Pushto",Digital History,,ډیجیټل تاریخ
pt,Portuguese,Digital History,,História digital
qu,Quechua,Digital History,,Historia Digital nisqa
rm,Romansh,Digital History,,
rn,Kirundi,Digital History,,
ro,"Romanian, Moldavan",Digital History,,Istoria digitală
ru,Russian,Digital History,,Цифровая история
sa,Sanskrit (Saṁskṛta),Digital History,,डिजिटल इतिहास
sh,Serbo-Crotian,Digital History,,Дигитал Хистори
sc,Sardinian,Digital History,,
sd,Sindhi,Digital History,,ڊجيٽل تاريخ
se,Northern Sami,Digital History,,
sm,Samoan,Digital History,,Talafa&#39;asolopito faakomepiuta
sg,Sango,Digital History,,
sr,Serbian,Digital History,,Дигитал Хистори
gd,Scottish Gaelic,Digital History,,Eachdraidh Dhidseatach
sn,Shona,Digital History,,Digital History
si,"Sinhala, Sinhalese",Digital History,,ඩිජිටල් ඉතිහාසය
sk,Slovak,Digital History,,Digitálna história
sl,Slovene,Digital History,,Digitalna zgodovina
so,Somali,Digital History,,Taariikhda Dijital ah
st,Southern Sotho,Digital History,,Nalane ea Dijithale
es,Spanish; Castilian,Digital History,,Historia Digital
su,Sundanese,Digital History,,Sajarah Digital
sw,Swahili,Digital History,,Historia ya Dijiti
ss,Swati,Digital History,,
sv,Swedish,Digital History,,Digital historia
ta,Tamil,Digital History,,டிஜிட்டல் வரலாறு
te,Telugu,Digital History,,డిజిటల్ చరిత్ర
tg,Tajik,Digital History,,Таърихи рақамӣ
th,Thai,Digital History,,ประวัติศาสตร์ดิจิทัล
ti,Tigrinya,Digital History,,ዲጂታል ታሪኽ
bo,Tibetan,Digital History,,
tk,Turkmen,Digital History,,Sanly taryh
tl,Tagalog,Digital History,,Digital na Kasaysayan
tn,Tswana,Digital History,,
to,Tonga,Digital History,,
tr,Turkish,Digital History,,Dijital Tarih
ts,Tsonga,Digital History,,Matimu ya Xidijitali
tt,Tatar,Digital History,,Санлы тарих
tw,Twi,Digital History,,Digitals Abakɔsɛm
ty,Tahitian,Digital History,,
ug,"Uighur, Uyghur",Digital History,,رەقەملىك تارىخ
uk,Ukrainian,Digital History,,Цифрова історія
ur,Urdu,Digital History,,ڈیجیٹل ہسٹری
uz,Uzbek,Digital History,,Raqamli tarix
ve,Venda,Digital History,,
vi,Vietnamese,Digital History,,Lịch sử kỹ thuật số
vo,Volapük,Digital History,,
wa,Walloon,Digital History,,
cy,Welsh,Digital History,,Hanes Digidol
wo,Wolof,Digital History,,
fy,Western Frisian,Digital History,,Digital History
xh,Xhosa,Digital History,,Imbali yeDijithali
yi,Yiddish,Digital History,,דיגיטאַל געשיכטע
yo,Yoruba,Digital History,,Digital History
za,"Zhuang, Chuang",Digital History,,
zu,Zulu,Digital History,,Umlando Wedijithali
ab,Abkhaz,Digital Cultural Heritage,,
aa,Afar,Digital Cultural Heritage,,
af,Afrikaans,Digital Cultural Heritage,,Digitale kulturele erfenis
ak,Akan,Digital Cultural Heritage,,Digitals Amammerɛ Agyapade
sq,Albanian,Digital Cultural Heritage,,Trashëgimia Kulturore Dixhitale
am,Amharic,Digital Cultural Heritage,,ዲጂታል የባህል ቅርስ
ar,Arabic,Digital Cultural Heritage,,التراث الثقافي الرقمي
an,Aragonese,Digital Cultural Heritage,,
hy,Armenian,Digital Cultural Heritage,,Թվային մշակութային ժառանգություն
as,Assamese,Digital Cultural Heritage,,ডিজিটেল সাংস্কৃতিক ঐতিহ্য
av,Avaric,Digital Cultural Heritage,,
ae,Avestan,Digital Cultural Heritage,,
ay,Aymara,Digital Cultural Heritage,,Patrimonio Cultural Digital ukax mä jach’a uñt’ayawiwa
az,Azerbaijani,Digital Cultural Heritage,,Rəqəmsal Mədəni İrs
bm,Bambara,Digital Cultural Heritage,,Cɛsiri Cɛsiri Nizɛri
ba,Bashkir,Digital Cultural Heritage,,
eu,Basque,Digital Cultural Heritage,,Kultura Ondare Digitala
be,Belarusian,Digital Cultural Heritage,,Лічбавая культурная спадчына
bn,Bengali,Digital Cultural Heritage,,ডিজিটাল সাংস্কৃতিক ঐতিহ্য
bh,Bihari,Digital Cultural Heritage,,डिजिटल सांस्कृतिक विरासत के बा
bi,Bislama,Digital Cultural Heritage,,
bs,Bosnian,Digital Cultural Heritage,,Digitalno kulturno naslijeđe
br,Breton,Digital Cultural Heritage,,
bg,Bulgarian,Digital Cultural Heritage,,Цифрово културно наследство
my,Burmese,Digital Cultural Heritage,,ဒစ်ဂျစ်တယ်ယဉ်ကျေးမှုအမွေအနှစ်
ca,Catalan; Valencian,Digital Cultural Heritage,,Patrimoni Cultural Digital
ch,Chamorro,Digital Cultural Heritage,,
ce,Chechen,Digital Cultural Heritage,,
ny,Chichewa; Chewa; Nyanja,Digital Cultural Heritage,,Digital Cultural Heritage
zh,Chinese,Digital Cultural Heritage,,数字文化遗产
cv,Chuvash,Digital Cultural Heritage,,
kw,Cornish,Digital Cultural Heritage,,
co,Corsican,Digital Cultural Heritage,,Patrimoniu culturale digitale
cr,Cree,Digital Cultural Heritage,,
hr,Croatian,Digital Cultural Heritage,,Digitalna kulturna baština
cs,Czech,Digital Cultural Heritage,,Digitální kulturní dědictví
da,Danish,Digital Cultural Heritage,,Digital kulturarv
dv,Divehi; Maldivian;,Digital Cultural Heritage,,ދިރާގު ސަގާފީ ތަރިކަ
nl,Dutch,Digital Cultural Heritage,,Digitaal Cultureel Erfgoed
dz,Dzongkha,Digital Cultural Heritage,,
en,English,Digital Cultural Heritage,,Digital Cultural Heritage
eo,Esperanto,Digital Cultural Heritage,,Cifereca Kultura Heredaĵo
et,Estonian,Digital Cultural Heritage,,Digitaalne kultuuripärand
ee,Ewe,Digital Cultural Heritage,,Digitál Dekɔnu Domenyinu
fo,Faroese,Digital Cultural Heritage,,
fj,Fijian,Digital Cultural Heritage,,
fi,Finnish,Digital Cultural Heritage,,Digitaalinen kulttuuriperintö
fr,French,Digital Cultural Heritage,,Patrimoine culturel numérique
ff,Fula,Digital Cultural Heritage,,
gl,Galician,Digital Cultural Heritage,,Patrimonio cultural dixital
ka,Georgian,Digital Cultural Heritage,,ციფრული კულტურული მემკვიდრეობა
de,German,Digital Cultural Heritage,,Digitales Kulturerbe
el,"Greek, Modern",Digital Cultural Heritage,,Ψηφιακή Πολιτιστική Κληρονομιά
gn,Guaraní,Digital Cultural Heritage,,Patrimonio Cultural Digital rehegua
gu,Gujarati,Digital Cultural Heritage,,ડિજિટલ સાંસ્કૃતિક વારસો
ht,Haitian,Digital Cultural Heritage,,Eritaj kiltirèl dijital
ha,Hausa,Digital Cultural Heritage,,Al&#39;adun Dijital
he,Hebrew (modern),Digital Cultural Heritage,,מורשת תרבות דיגיטלית
hz,Herero,Digital Cultural Heritage,,
hi,Hindi,Digital Cultural Heritage,,डिजिटल सांस्कृतिक विरासत
ho,Hiri Motu,Digital Cultural Heritage,,
hu,Hungarian,Digital Cultural Heritage,,Digitális Kulturális Örökség
ia,Interlingua,Digital Cultural Heritage,,
id,Indonesian,Digital Cultural Heritage,,Warisan Budaya Digital
ie,Interlingue,Digital Cultural Heritage,,
ga,Irish,Digital Cultural Heritage,,Oidhreacht Chultúrtha Dhigiteach
ig,Igbo,Digital Cultural Heritage,,Ihe Nketa Omenala Dijitalụ
ik,Inupiaq,Digital Cultural Heritage,,
io,Ido,Digital Cultural Heritage,,
is,Icelandic,Digital Cultural Heritage,,Stafrænn menningararfur
it,Italian,Digital Cultural Heritage,,Patrimonio culturale digitale
iu,Inuktitut,Digital Cultural Heritage,,
ja,Japanese,Digital Cultural Heritage,,デジタル文化遺産
jv,Javanese,Digital Cultural Heritage,,Warisan Budaya Digital
kl,Kalaallisut,Digital Cultural Heritage,,
kn,Kannada,Digital Cultural Heritage,,ಡಿಜಿಟಲ್ ಸಾಂಸ್ಕೃತಿಕ ಪರಂಪರೆ
kr,Kanuri,Digital Cultural Heritage,,
ks,Kashmiri,Digital Cultural Heritage,,
kk,Kazakh,Digital Cultural Heritage,,Цифрлық мәдени мұра
km,Khmer,Digital Cultural Heritage,,បេតិកភណ្ឌវប្បធម៌ឌីជីថល
ki,"Kikuyu, Gikuyu",Digital Cultural Heritage,,
rw,Kinyarwanda,Digital Cultural Heritage,,Umurage ndangamuco
ky,"Kirghiz, Kyrgyz",Digital Cultural Heritage,,Санариптик маданий мурас
kv,Komi,Digital Cultural Heritage,,
kg,Kongo,Digital Cultural Heritage,,
ko,Korean,Digital Cultural Heritage,,디지털 문화유산
ku,Kurdish,Digital Cultural Heritage,,Mîrateya Çandî ya dîjîtal
kj,"Kwanyama, Kuanyama",Digital Cultural Heritage,,
la,Latin,Digital Cultural Heritage,,Digital Heritage culturale
lb,Luxembourgish,Digital Cultural Heritage,,Digital Kulturierwen
lg,Luganda,Digital Cultural Heritage,,Obusika bw&#39;obuwangwa obwa digito
li,Limburgish,Digital Cultural Heritage,,
ln,Lingala,Digital Cultural Heritage,,Patrimoine culturel numérique
lo,Lao,Digital Cultural Heritage,,ມໍລະດົກວັດທະນະທໍາດິຈິຕອນ
lt,Lithuanian,Digital Cultural Heritage,,Skaitmeninis kultūros paveldas
lu,Luba-Katanga,Digital Cultural Heritage,,
lv,Latvian,Digital Cultural Heritage,,Digitālais kultūras mantojums
gv,Manx,Digital Cultural Heritage,,
mk,Macedonian,Digital Cultural Heritage,,Дигитално културно наследство
mg,Malagasy,Digital Cultural Heritage,,Lova ara-kolontsaina nomerika
ms,Malay,Digital Cultural Heritage,,Warisan Budaya Digital
ml,Malayalam,Digital Cultural Heritage,,ഡിജിറ്റൽ സാംസ്കാരിക പൈതൃകം
mt,Maltese,Digital Cultural Heritage,,Wirt Kulturali Diġitali
mi,Māori,Digital Cultural Heritage,,Taonga Ahurea Mamati
mr,Marathi (Marāṭhī),Digital Cultural Heritage,,डिजिटल सांस्कृतिक वारसा
mh,Marshallese,Digital Cultural Heritage,,
mn,Mongolian,Digital Cultural Heritage,,Дижитал соёлын өв
na,Nauru,Digital Cultural Heritage,,
nv,"Navajo, Navaho",Digital Cultural Heritage,,
nb,Norwegian Bokmål,Digital Cultural Heritage,,Digital kulturarv
nd,North Ndebele,Digital Cultural Heritage,,
ne,Nepali,Digital Cultural Heritage,,डिजिटल सांस्कृतिक सम्पदा
ng,Ndonga,Digital Cultural Heritage,,
nn,Norwegian Nynorsk,Digital Cultural Heritage,,
no,Norwegian,Digital Cultural Heritage,,Digital kulturarv
ii,Nuosu,Digital Cultural Heritage,,
nr,South Ndebele,Digital Cultural Heritage,,
oc,Occitan,Digital Cultural Heritage,,
oj,"Ojibwe, Ojibwa",Digital Cultural Heritage,,
cu,Old Church Slavonic,Digital Cultural Heritage,,
om,Oromo,Digital Cultural Heritage,,Hambaa Aadaa Dijitaalaa
or,Oriya,Digital Cultural Heritage,,ଡିଜିଟାଲ୍ ସାଂସ୍କୃତିକ itage ତିହ୍ୟ |
os,"Ossetian, Ossetic",Digital Cultural Heritage,,
pa,"Panjabi, Punjabi",Digital Cultural Heritage,,ਡਿਜੀਟਲ ਸੱਭਿਆਚਾਰਕ ਵਿਰਾਸਤ
pi,Pāli,Digital Cultural Heritage,,
fa,Persian,Digital Cultural Heritage,,میراث فرهنگی دیجیتال
pl,Polish,Digital Cultural Heritage,,Cyfrowe dziedzictwo kulturowe
ps,"Pashto, Pushto",Digital Cultural Heritage,,ډیجیټل کلتوري میراث
pt,Portuguese,Digital Cultural Heritage,,Patrimônio Cultural Digital
qu,Quechua,Digital Cultural Heritage,,Patrimonio Cultural Digital nisqa
rm,Romansh,Digital Cultural Heritage,,
rn,Kirundi,Digital Cultural Heritage,,
ro,"Romanian, Moldavan",Digital Cultural Heritage,,Patrimoniul cultural digital
ru,Russian,Digital Cultural Heritage,,Цифровое культурное наследие
sa,Sanskrit (Saṁskṛta),Digital Cultural Heritage,,डिजिटल सांस्कृतिक धरोहर
sh,Serbo-Crotian,Digital Cultural Heritage,,Дигитално културно наслеђе
sc,Sardinian,Digital Cultural Heritage,,
sd,Sindhi,Digital Cultural Heritage,,ڊجيٽل ثقافتي ورثو
se,Northern Sami,Digital Cultural Heritage,,
sm,Samoan,Digital Cultural Heritage,,Fa&#39;afuainumera Fa&#39;aleaganu&#39;u
sg,Sango,Digital Cultural Heritage,,
sr,Serbian,Digital Cultural Heritage,,Дигитално културно наслеђе
gd,Scottish Gaelic,Digital Cultural Heritage,,Dualchas Cultarach Didseatach
sn,Shona,Digital Cultural Heritage,,Digital Cultural Heritage
si,"Sinhala, Sinhalese",Digital Cultural Heritage,,ඩිජිටල් සංස්කෘතික උරුමය
sk,Slovak,Digital Cultural Heritage,,Digitálne kultúrne dedičstvo
sl,Slovene,Digital Cultural Heritage,,Digitalna kulturna dediščina
so,Somali,Digital Cultural Heritage,,Dhaxalka Dhaqanka Dijital ah
st,Southern Sotho,Digital Cultural Heritage,,Digital Cultural Heritage
es,Spanish; Castilian,Digital Cultural Heritage,,Patrimonio Cultural Digital
su,Sundanese,Digital Cultural Heritage,,Warisan Budaya Digital
sw,Swahili,Digital Cultural Heritage,,Urithi wa Utamaduni wa Dijiti
ss,Swati,Digital Cultural Heritage,,
sv,Swedish,Digital Cultural Heritage,,Digitalt kulturarv
ta,Tamil,Digital Cultural Heritage,,டிஜிட்டல் கலாச்சார பாரம்பரியம்
te,Telugu,Digital Cultural Heritage,,డిజిటల్ సాంస్కృతిక వారసత్వం
tg,Tajik,Digital Cultural Heritage,,Мероси фарҳангии рақамӣ
th,Thai,Digital Cultural Heritage,,มรดกทางวัฒนธรรมดิจิทัล
ti,Tigrinya,Digital Cultural Heritage,,ዲጂታል ባህላዊ ውርሻ
bo,Tibetan,Digital Cultural Heritage,,
tk,Turkmen,Digital Cultural Heritage,,Sanly medeni miras
tl,Tagalog,Digital Cultural Heritage,,Digital Cultural Heritage
tn,Tswana,Digital Cultural Heritage,,
to,Tonga,Digital Cultural Heritage,,
tr,Turkish,Digital Cultural Heritage,,Dijital Kültürel Miras
ts,Tsonga,Digital Cultural Heritage,,Ndzhaka ya Ndhavuko ya Xidijitali
tt,Tatar,Digital Cultural Heritage,,Санлы мәдәни мирас
tw,Twi,Digital Cultural Heritage,,Digitals Amammerɛ Agyapade
ty,Tahitian,Digital Cultural Heritage,,
ug,"Uighur, Uyghur",Digital Cultural Heritage,,رەقەملىك مەدەنىيەت مىراسلىرى
uk,Ukrainian,Digital Cultural Heritage,,Цифрова культурна спадщина
ur,Urdu,Digital Cultural Heritage,,ڈیجیٹل ثقافتی ورثہ
uz,Uzbek,Digital Cultural Heritage,,Raqamli madaniy meros
ve,Venda,Digital Cultural Heritage,,
vi,Vietnamese,Digital Cultural Heritage,,Di sản văn hóa kỹ thuật số
vo,Volapük,Digital Cultural Heritage,,
wa,Walloon,Digital Cultural Heritage,,
cy,Welsh,Digital Cultural Heritage,,Treftadaeth Ddiwylliannol Ddigidol
wo,Wolof,Digital Cultural Heritage,,
fy,Western Frisian,Digital Cultural Heritage,,Digitaal Kultureel Erfguod
xh,Xhosa,Digital Cultural Heritage,,ILifa leMveli yeNkcubeko yeDijithali
yi,Yiddish,Digital Cultural Heritage,,דיגיטאַל קולטור העריטאַגע
yo,Yoruba,Digital Cultural Heritage,,Digital Cultural Heritage
za,"Zhuang, Chuang",Digital Cultural Heritage,,
zu,Zulu,Digital Cultural Heritage,,I-Digital Cultural Heritage
ab,Abkhaz,Cultural Analytics,,
aa,Afar,Cultural Analytics,,
af,Afrikaans,Cultural Analytics,,Kultuuranalise
ak,Akan,Cultural Analytics,,Amammerɛ mu Nhwehwɛmu
sq,Albanian,Cultural Analytics,,Analiza kulturore
am,Amharic,Cultural Analytics,,የባህል ትንታኔ
ar,Arabic,Cultural Analytics,,التحليلات الثقافية
an,Aragonese,Cultural Analytics,,
hy,Armenian,Cultural Analytics,,Մշակութային վերլուծություն
as,Assamese,Cultural Analytics,,সাংস্কৃতিক বিশ্লেষণ
av,Avaric,Cultural Analytics,,
ae,Avestan,Cultural Analytics,,
ay,Aymara,Cultural Analytics,,Análisis Cultural uka tuqit yatxataña
az,Azerbaijani,Cultural Analytics,,Mədəniyyət Analitikası
bm,Bambara,Cultural Analytics,,Ladamuni Sɛgɛsɛgɛli
ba,Bashkir,Cultural Analytics,,
eu,Basque,Cultural Analytics,,Kultura Analitika
be,Belarusian,Cultural Analytics,,Культурная аналітыка
bn,Bengali,Cultural Analytics,,সাংস্কৃতিক বিশ্লেষণ
bh,Bihari,Cultural Analytics,,सांस्कृतिक विश्लेषण के बारे में बतावल गइल बा
bi,Bislama,Cultural Analytics,,
bs,Bosnian,Cultural Analytics,,Cultural Analytics
br,Breton,Cultural Analytics,,
bg,Bulgarian,Cultural Analytics,,Културен анализ
my,Burmese,Cultural Analytics,,ယဉ်ကျေးမှုပိုင်းခြားစိတ်ဖြာမှု
ca,Catalan; Valencian,Cultural Analytics,,Analítica cultural
ch,Chamorro,Cultural Analytics,,
ce,Chechen,Cultural Analytics,,
ny,Chichewa; Chewa; Nyanja,Cultural Analytics,,Cultural Analytics
zh,Chinese,Cultural Analytics,,文化分析
cv,Chuvash,Cultural Analytics,,
kw,Cornish,Cultural Analytics,,
co,Corsican,Cultural Analytics,,Analisi culturale
cr,Cree,Cultural Analytics,,
hr,Croatian,Cultural Analytics,,Kulturna analitika
cs,Czech,Cultural Analytics,,Kulturní analýza
da,Danish,Cultural Analytics,,Kulturanalyse
dv,Divehi; Maldivian;,Cultural Analytics,,ކަލްޗަރަލް އެނަލިޓިކްސް
nl,Dutch,Cultural Analytics,,Culturele analyse
dz,Dzongkha,Cultural Analytics,,
en,English,Cultural Analytics,,Cultural Analytics
eo,Esperanto,Cultural Analytics,,Kultura Analizo
et,Estonian,Cultural Analytics,,Kultuurianalüüs
ee,Ewe,Cultural Analytics,,Dekɔnuwo Ŋuti Numekuku
fo,Faroese,Cultural Analytics,,
fj,Fijian,Cultural Analytics,,
fi,Finnish,Cultural Analytics,,Kulttuurianalytiikka
fr,French,Cultural Analytics,,Analyse culturelle
ff,Fula,Cultural Analytics,,
gl,Galician,Cultural Analytics,,Analítica Cultural
ka,Georgian,Cultural Analytics,,კულტურული ანალიტიკა
de,German,Cultural Analytics,,Kulturanalyse
el,"Greek, Modern",Cultural Analytics,,Πολιτιστικές Αναλύσεις
gn,Guaraní,Cultural Analytics,,Análisis Cultural rehegua
gu,Gujarati,Cultural Analytics,,સાંસ્કૃતિક વિશ્લેષણ
ht,Haitian,Cultural Analytics,,Analytics kiltirèl
ha,Hausa,Cultural Analytics,,Nazarin Al&#39;adu
he,Hebrew (modern),Cultural Analytics,,ניתוח תרבות
hz,Herero,Cultural Analytics,,
hi,Hindi,Cultural Analytics,,सांस्कृतिक विश्लेषण
ho,Hiri Motu,Cultural Analytics,,
hu,Hungarian,Cultural Analytics,,Kulturális elemzés
ia,Interlingua,Cultural Analytics,,
id,Indonesian,Cultural Analytics,,Analisis Budaya
ie,Interlingue,Cultural Analytics,,
ga,Irish,Cultural Analytics,,Anailísíocht Chultúrtha
ig,Igbo,Cultural Analytics,,Nchịkọta Omenala
ik,Inupiaq,Cultural Analytics,,
io,Ido,Cultural Analytics,,
is,Icelandic,Cultural Analytics,,Menningargreining
it,Italian,Cultural Analytics,,Analisi culturale
iu,Inuktitut,Cultural Analytics,,
ja,Japanese,Cultural Analytics,,文化分析
jv,Javanese,Cultural Analytics,,Analisis Budaya
kl,Kalaallisut,Cultural Analytics,,
kn,Kannada,Cultural Analytics,,ಸಾಂಸ್ಕೃತಿಕ ವಿಶ್ಲೇಷಣೆ
kr,Kanuri,Cultural Analytics,,
ks,Kashmiri,Cultural Analytics,,
kk,Kazakh,Cultural Analytics,,Мәдени талдау
km,Khmer,Cultural Analytics,,ការវិភាគវប្បធម៌
ki,"Kikuyu, Gikuyu",Cultural Analytics,,
rw,Kinyarwanda,Cultural Analytics,,Isesengura ry&#39;umuco
ky,"Kirghiz, Kyrgyz",Cultural Analytics,,Cultural Analytics
kv,Komi,Cultural Analytics,,
kg,Kongo,Cultural Analytics,,
ko,Korean,Cultural Analytics,,문화 분석
ku,Kurdish,Cultural Analytics,,Analîtîkên Çandî
kj,"Kwanyama, Kuanyama",Cultural Analytics,,
la,Latin,Cultural Analytics,,Culturae Analytics
lb,Luxembourgish,Cultural Analytics,,Cultural Analytics
lg,Luganda,Cultural Analytics,,Okwekenenya eby’obuwangwa
li,Limburgish,Cultural Analytics,,
ln,Lingala,Cultural Analytics,,Analytique ya mimeseno
lo,Lao,Cultural Analytics,,ການວິເຄາະວັດທະນະທໍາ
lt,Lithuanian,Cultural Analytics,,Kultūros analitika
lu,Luba-Katanga,Cultural Analytics,,
lv,Latvian,Cultural Analytics,,Kultūras analīze
gv,Manx,Cultural Analytics,,
mk,Macedonian,Cultural Analytics,,Културна аналитика
mg,Malagasy,Cultural Analytics,,Cultural Analytics
ms,Malay,Cultural Analytics,,Analisis Budaya
ml,Malayalam,Cultural Analytics,,സാംസ്കാരിക വിശകലനം
mt,Maltese,Cultural Analytics,,Analitika Kulturali
mi,Māori,Cultural Analytics,,Tikanga Ahurea
mr,Marathi (Marāṭhī),Cultural Analytics,,सांस्कृतिक विश्लेषण
mh,Marshallese,Cultural Analytics,,
mn,Mongolian,Cultural Analytics,,Соёлын аналитик
na,Nauru,Cultural Analytics,,
nv,"Navajo, Navaho",Cultural Analytics,,
nb,Norwegian Bokmål,Cultural Analytics,,Kulturanalyse
nd,North Ndebele,Cultural Analytics,,
ne,Nepali,Cultural Analytics,,सांस्कृतिक विश्लेषण
ng,Ndonga,Cultural Analytics,,
nn,Norwegian Nynorsk,Cultural Analytics,,
no,Norwegian,Cultural Analytics,,Kulturanalyse
ii,Nuosu,Cultural Analytics,,
nr,South Ndebele,Cultural Analytics,,
oc,Occitan,Cultural Analytics,,
oj,"Ojibwe, Ojibwa",Cultural Analytics,,
cu,Old Church Slavonic,Cultural Analytics,,
om,Oromo,Cultural Analytics,,Xiinxala Aadaa
or,Oriya,Cultural Analytics,,ସାଂସ୍କୃତିକ ଆନାଲିଟିକ୍ସ |
os,"Ossetian, Ossetic",Cultural Analytics,,
pa,"Panjabi, Punjabi",Cultural Analytics,,ਸੱਭਿਆਚਾਰਕ ਵਿਸ਼ਲੇਸ਼ਣ
pi,Pāli,Cultural Analytics,,
fa,Persian,Cultural Analytics,,تحلیل فرهنگی
pl,Polish,Cultural Analytics,,Analityka kulturowa
ps,"Pashto, Pushto",Cultural Analytics,,کلتوري تحلیلونه
pt,Portuguese,Cultural Analytics,,Análise cultural
qu,Quechua,Cultural Analytics,,Análisis Cultural nisqamanta
rm,Romansh,Cultural Analytics,,
rn,Kirundi,Cultural Analytics,,
ro,"Romanian, Moldavan",Cultural Analytics,,Analiza culturală
ru,Russian,Cultural Analytics,,Культурная аналитика
sa,Sanskrit (Saṁskṛta),Cultural Analytics,,सांस्कृतिक विश्लेषण
sh,Serbo-Crotian,Cultural Analytics,,Цултурал Аналитицс
sc,Sardinian,Cultural Analytics,,
sd,Sindhi,Cultural Analytics,,ثقافتي تجزياتي
se,Northern Sami,Cultural Analytics,,
sm,Samoan,Cultural Analytics,,Iloiloga Fa&#39;ale-aganu&#39;u
sg,Sango,Cultural Analytics,,
sr,Serbian,Cultural Analytics,,Цултурал Аналитицс
gd,Scottish Gaelic,Cultural Analytics,,Analytics cultarail
sn,Shona,Cultural Analytics,,Cultural Analytics
si,"Sinhala, Sinhalese",Cultural Analytics,,සංස්කෘතික විශ්ලේෂණ
sk,Slovak,Cultural Analytics,,Kultúrna analýza
sl,Slovene,Cultural Analytics,,Kulturna analitika
so,Somali,Cultural Analytics,,Falanqaynta Dhaqanka
st,Southern Sotho,Cultural Analytics,,Litlhahlobo tsa Setso
es,Spanish; Castilian,Cultural Analytics,,Analítica cultural
su,Sundanese,Cultural Analytics,,Analisis Budaya
sw,Swahili,Cultural Analytics,,Uchambuzi wa Utamaduni
ss,Swati,Cultural Analytics,,
sv,Swedish,Cultural Analytics,,Kulturanalys
ta,Tamil,Cultural Analytics,,கலாச்சார பகுப்பாய்வு
te,Telugu,Cultural Analytics,,సాంస్కృతిక విశ్లేషణలు
tg,Tajik,Cultural Analytics,,Таҳлили фарҳангӣ
th,Thai,Cultural Analytics,,การวิเคราะห์ทางวัฒนธรรม
ti,Tigrinya,Cultural Analytics,,ባህላዊ ትንታነታት
bo,Tibetan,Cultural Analytics,,
tk,Turkmen,Cultural Analytics,,Medeni seljeriş
tl,Tagalog,Cultural Analytics,,Cultural Analytics
tn,Tswana,Cultural Analytics,,
to,Tonga,Cultural Analytics,,
tr,Turkish,Cultural Analytics,,Kültürel Analitik
ts,Tsonga,Cultural Analytics,,Nxopaxopo wa Ndhavuko
tt,Tatar,Cultural Analytics,,Мәдәни аналитика
tw,Twi,Cultural Analytics,,Amammerɛ mu Nhwehwɛmu
ty,Tahitian,Cultural Analytics,,
ug,"Uighur, Uyghur",Cultural Analytics,,مەدەنىيەت ئانالىزى
uk,Ukrainian,Cultural Analytics,,Культурна аналітика
ur,Urdu,Cultural Analytics,,ثقافتی تجزیات
uz,Uzbek,Cultural Analytics,,Madaniy tahlil
ve,Venda,Cultural Analytics,,
vi,Vietnamese,Cultural Analytics,,Phân tích văn hóa
vo,Volapük,Cultural Analytics,,
wa,Walloon,Cultural Analytics,,
cy,Welsh,Cultural Analytics,,Dadansoddeg Ddiwylliannol
wo,Wolof,Cultural Analytics,,
fy,Western Frisian,Cultural Analytics,,Kulturele Analytics
xh,Xhosa,Cultural Analytics,,Uhlalutyo lweNkcubeko
yi,Yiddish,Cultural Analytics,,קולטור אַנאַליטיקס
yo,Yoruba,Cultural Analytics,,Atupale Asa
za,"Zhuang, Chuang",Cultural Analytics,,
zu,Zulu,Cultural Analytics,,Izibalo Zezamasiko
ab,Abkhaz,Computational Humanities,,
aa,Afar,Computational Humanities,,
af,Afrikaans,Computational Humanities,,Rekenkundige Geesteswetenskappe
ak,Akan,Computational Humanities,,Mfiridwuma mu Nnipa Ho Adesua
sq,Albanian,Computational Humanities,,Shkenca Kompjuterike Humane
am,Amharic,Computational Humanities,,የሂሳብ ሰብአዊነት
ar,Arabic,Computational Humanities,,العلوم الإنسانية الحاسوبية
an,Aragonese,Computational Humanities,,
hy,Armenian,Computational Humanities,,Հաշվողական հումանիտար գիտություններ
as,Assamese,Computational Humanities,,কম্পিউটেচনেল হিউমেনিটিজ
av,Avaric,Computational Humanities,,
ae,Avestan,Computational Humanities,,
ay,Aymara,Computational Humanities,,Humanidades Computacionales uka tuqita yatxataña
az,Azerbaijani,Computational Humanities,,Hesablamalı humanitar elmlər
bm,Bambara,Computational Humanities,,Jateblaw Hadamadenw ka dɔnniyaw
ba,Bashkir,Computational Humanities,,
eu,Basque,Computational Humanities,,Humanitate Konputazionalak
be,Belarusian,Computational Humanities,,Вылічальныя гуманітарныя навукі
bn,Bengali,Computational Humanities,,কম্পিউটেশনাল হিউম্যানিটিজ
bh,Bihari,Computational Humanities,,कम्प्यूटेशनल मानविकी के बारे में बतावल गइल बा
bi,Bislama,Computational Humanities,,
bs,Bosnian,Computational Humanities,,Computational Humanities
br,Breton,Computational Humanities,,
bg,Bulgarian,Computational Humanities,,Компютърни хуманитарни науки
my,Burmese,Computational Humanities,,ကွန်ပြူတာလူ့ပညာ
ca,Catalan; Valencian,Computational Humanities,,Humanitats Computacionals
ch,Chamorro,Computational Humanities,,
ce,Chechen,Computational Humanities,,
ny,Chichewa; Chewa; Nyanja,Computational Humanities,,Computational Humanities
zh,Chinese,Computational Humanities,,计算人文
cv,Chuvash,Computational Humanities,,
kw,Cornish,Computational Humanities,,
co,Corsican,Computational Humanities,,Umanità computazionale
cr,Cree,Computational Humanities,,
hr,Croatian,Computational Humanities,,Računalne humanističke znanosti
cs,Czech,Computational Humanities,,Počítačové humanitní vědy
da,Danish,Computational Humanities,,Computational Humanities
dv,Divehi; Maldivian;,Computational Humanities,,ކޮމްޕިއުޓޭޝަނަލް ހިއުމަނިޓީސް އެވެ
nl,Dutch,Computational Humanities,,Computationele geesteswetenschappen
dz,Dzongkha,Computational Humanities,,
en,English,Computational Humanities,,Computational Humanities
eo,Esperanto,Computational Humanities,,Komputilaj Homaroj
et,Estonian,Computational Humanities,,Arvutuslik humanitaarteadus
ee,Ewe,Computational Humanities,,Akɔntabubu Ŋuti Amegbetɔŋutinunya
fo,Faroese,Computational Humanities,,
fj,Fijian,Computational Humanities,,
fi,Finnish,Computational Humanities,,Laskennalliset humanistiset tieteet
fr,French,Computational Humanities,,Humanités computationnelles
ff,Fula,Computational Humanities,,
gl,Galician,Computational Humanities,,Humanidades Computacionales
ka,Georgian,Computational Humanities,,გამოთვლითი ჰუმანიტარული მეცნიერებები
de,German,Computational Humanities,,Computational Humanities
el,"Greek, Modern",Computational Humanities,,Υπολογιστικές Ανθρωπιστικές Επιστήμες
gn,Guaraní,Computational Humanities,,Humanidades Computacionales rehegua
gu,Gujarati,Computational Humanities,,કોમ્પ્યુટેશનલ હ્યુમેનિટીઝ
ht,Haitian,Computational Humanities,,Syans imanitè enfòmatik
ha,Hausa,Computational Humanities,,Ƙididdigar Bil&#39;adama
he,Hebrew (modern),Computational Humanities,,מדעי הרוח החישוביים
hz,Herero,Computational Humanities,,
hi,Hindi,Computational Humanities,,कम्प्यूटेशनल मानविकी
ho,Hiri Motu,Computational Humanities,,
hu,Hungarian,Computational Humanities,,Számítástechnikai bölcsészet
ia,Interlingua,Computational Humanities,,
id,Indonesian,Computational Humanities,,Humaniora Komputasi
ie,Interlingue,Computational Humanities,,
ga,Irish,Computational Humanities,,Daonnachtaí Ríomhaireachtúla
ig,Igbo,Computational Humanities,,Kọmputa Humanities
ik,Inupiaq,Computational Humanities,,
io,Ido,Computational Humanities,,
is,Icelandic,Computational Humanities,,Reiknunarhugvísindi
it,Italian,Computational Humanities,,Scienze umanistiche computazionali
iu,Inuktitut,Computational Humanities,,
ja,Japanese,Computational Humanities,,計算人文科学
jv,Javanese,Computational Humanities,,Komputasi Humaniora
kl,Kalaallisut,Computational Humanities,,
kn,Kannada,Computational Humanities,,ಕಂಪ್ಯೂಟೇಶನಲ್ ಹ್ಯುಮಾನಿಟೀಸ್
kr,Kanuri,Computational Humanities,,
ks,Kashmiri,Computational Humanities,,
kk,Kazakh,Computational Humanities,,Есептік гуманитарлық ғылымдар
km,Khmer,Computational Humanities,,មនុស្សសាស្ត្រកុំព្យូទ័រ
ki,"Kikuyu, Gikuyu",Computational Humanities,,
rw,Kinyarwanda,Computational Humanities,,Ubumuntu
ky,"Kirghiz, Kyrgyz",Computational Humanities,,Эсептөөчү гуманитардык илимдер
kv,Komi,Computational Humanities,,
kg,Kongo,Computational Humanities,,
ko,Korean,Computational Humanities,,전산인문학
ku,Kurdish,Computational Humanities,,Humanities Computational
kj,"Kwanyama, Kuanyama",Computational Humanities,,
la,Latin,Computational Humanities,,Humanities computational
lb,Luxembourgish,Computational Humanities,,Computational Geeschteswëssenschaft
lg,Luganda,Computational Humanities,,Eby’obuntubulamu eby’okubalirira
li,Limburgish,Computational Humanities,,
ln,Lingala,Computational Humanities,,Humanités ya ba calculs
lo,Lao,Computational Humanities,,ມະນຸດສາດຄອມພິວເຕີ
lt,Lithuanian,Computational Humanities,,Skaičiavimo humanitariniai mokslai
lu,Luba-Katanga,Computational Humanities,,
lv,Latvian,Computational Humanities,,Skaitļošanas humanitārās zinātnes
gv,Manx,Computational Humanities,,
mk,Macedonian,Computational Humanities,,Компјутерски хуманистички науки
mg,Malagasy,Computational Humanities,,Computational Humanities
ms,Malay,Computational Humanities,,Kemanusiaan Pengiraan
ml,Malayalam,Computational Humanities,,കമ്പ്യൂട്ടേഷണൽ ഹ്യുമാനിറ്റീസ്
mt,Maltese,Computational Humanities,,Umanistika Komputali
mi,Māori,Computational Humanities,,Tangata Tatauranga
mr,Marathi (Marāṭhī),Computational Humanities,,संगणकीय मानवता
mh,Marshallese,Computational Humanities,,
mn,Mongolian,Computational Humanities,,Тооцооллын хүмүүнлэг
na,Nauru,Computational Humanities,,
nv,"Navajo, Navaho",Computational Humanities,,
nb,Norwegian Bokmål,Computational Humanities,,Computational Humanities
nd,North Ndebele,Computational Humanities,,
ne,Nepali,Computational Humanities,,कम्प्यूटेशनल मानविकी
ng,Ndonga,Computational Humanities,,
nn,Norwegian Nynorsk,Computational Humanities,,
no,Norwegian,Computational Humanities,,Computational Humanities
ii,Nuosu,Computational Humanities,,
nr,South Ndebele,Computational Humanities,,
oc,Occitan,Computational Humanities,,
oj,"Ojibwe, Ojibwa",Computational Humanities,,
cu,Old Church Slavonic,Computational Humanities,,
om,Oromo,Computational Humanities,,Saayinsii Namoomaa Shallaggii
or,Oriya,Computational Humanities,,ଗଣନାକାରୀ ମାନବିକତା |
os,"Ossetian, Ossetic",Computational Humanities,,
pa,"Panjabi, Punjabi",Computational Humanities,,ਕੰਪਿਊਟੇਸ਼ਨਲ ਹਿਊਮੈਨਟੀਜ਼
pi,Pāli,Computational Humanities,,
fa,Persian,Computational Humanities,,علوم انسانی محاسباتی
pl,Polish,Computational Humanities,,Humanistyka obliczeniowa
ps,"Pashto, Pushto",Computational Humanities,,کمپیوټري انسانیتونه
pt,Portuguese,Computational Humanities,,Humanidades Computacionais
qu,Quechua,Computational Humanities,,Humanidades Computacionales nisqamanta
rm,Romansh,Computational Humanities,,
rn,Kirundi,Computational Humanities,,
ro,"Romanian, Moldavan",Computational Humanities,,Stiinte umaniste computationale
ru,Russian,Computational Humanities,,Вычислительные гуманитарные науки
sa,Sanskrit (Saṁskṛta),Computational Humanities,,कम्प्यूटेशनल मानविकी
sh,Serbo-Crotian,Computational Humanities,,Цомпутатионал Хуманитиес
sc,Sardinian,Computational Humanities,,
sd,Sindhi,Computational Humanities,,ڪمپيوٽيشنل هيومنٽيز
se,Northern Sami,Computational Humanities,,
sm,Samoan,Computational Humanities,,Computational Humanities
sg,Sango,Computational Humanities,,
sr,Serbian,Computational Humanities,,Цомпутатионал Хуманитиес
gd,Scottish Gaelic,Computational Humanities,,Daonnachdan coimpiutaireachd
sn,Shona,Computational Humanities,,Computational Humanities
si,"Sinhala, Sinhalese",Computational Humanities,,පරිගණක මානව ශාස්ත්‍ර
sk,Slovak,Computational Humanities,,Výpočtové humanitné vedy
sl,Slovene,Computational Humanities,,Računalniška humanistika
so,Somali,Computational Humanities,,Xisaabinta Aadanaha
st,Southern Sotho,Computational Humanities,,Computational Humanities
es,Spanish; Castilian,Computational Humanities,,Humanidades Computacionales
su,Sundanese,Computational Humanities,,Kamanusaan Komputasi
sw,Swahili,Computational Humanities,,Binadamu wa Kihesabu
ss,Swati,Computational Humanities,,
sv,Swedish,Computational Humanities,,Computational Humanities
ta,Tamil,Computational Humanities,,கணக்கீட்டு மனிதநேயம்
te,Telugu,Computational Humanities,,కంప్యూటేషనల్ హ్యుమానిటీస్
tg,Tajik,Computational Humanities,,Илмҳои ҳисоббарорӣ
th,Thai,Computational Humanities,,มนุษยศาสตร์การคำนวณ
ti,Tigrinya,Computational Humanities,,ኮምፑተሽናል ሰብኣዊ ስነፍልጠት
bo,Tibetan,Computational Humanities,,
tk,Turkmen,Computational Humanities,,Hasaplaýyş gumanitar ylymlary
tl,Tagalog,Computational Humanities,,Computational Humanities
tn,Tswana,Computational Humanities,,
to,Tonga,Computational Humanities,,
tr,Turkish,Computational Humanities,,Hesaplamalı Beşeri Bilimler
ts,Tsonga,Computational Humanities,,Vutivi bya Vanhu bya Xibalo
tt,Tatar,Computational Humanities,,Хисап гуманитар
tw,Twi,Computational Humanities,,Mfiridwuma mu Nnipa Ho Adesua
ty,Tahitian,Computational Humanities,,
ug,"Uighur, Uyghur",Computational Humanities,,ھېسابلاش ئادىمىيلىكى
uk,Ukrainian,Computational Humanities,,Обчислювальні гуманітарні науки
ur,Urdu,Computational Humanities,,کمپیوٹیشنل ہیومینٹیز
uz,Uzbek,Computational Humanities,,Hisoblash gumanitar fanlari
ve,Venda,Computational Humanities,,
vi,Vietnamese,Computational Humanities,,Nhân văn tính toán
vo,Volapük,Computational Humanities,,
wa,Walloon,Computational Humanities,,
cy,Welsh,Computational Humanities,,Dyniaethau Cyfrifiadol
wo,Wolof,Computational Humanities,,
fy,Western Frisian,Computational Humanities,,Computational Humanities
xh,Xhosa,Computational Humanities,,I-Computational Humanities
yi,Yiddish,Computational Humanities,,קאַמפּיוטיישאַנאַל הומאַניטיעס
yo,Yoruba,Computational Humanities,,Iṣiro Humanities
za,"Zhuang, Chuang",Computational Humanities,,
zu,Zulu,Computational Humanities,,I-Computational Humanities
ru,Russian,Digital Humanities,Цифровые гуманитарные науки,Цифровые гуманитарные науки
fr,French,Digital Humanities,Humanités numériques,Humanités numériques
la,Latin,Digital Humanities,Humanitates digitales,Digital Humanities
ta,Tamil,Digital Humanities,எண்ணிம மனிதவியல்,டிஜிட்டல் மனிதநேயம்
ca,Catalan; Valencian,Digital Humanities,Humanitats digitals,Humanitats digitals
en,English,Digital Humanities,Digital Humanities,Digital Humanities
de,German,Digital Humanities,Digital Humanities,Digitale Geisteswissenschaften
ko,Korean,Digital Humanities,디지털 인문학,디지털 인문학
it,Italian,Digital Humanities,Informatica umanistica,Scienze umanistiche digitali
sh,Serbo-Crotian,Digital Humanities,Дигиталне хуманистичке науке,Дигиталне хуманистичке науке
cy,Welsh,Digital Humanities,Dyniaethau digidol,Dyniaethau Digidol
ar,Arabic,Digital Humanities,إنسانيات رقمية,العلوم الإنسانية الرقمية
th,Thai,Digital Humanities,มนุษยศาสตร์ดิจิทัล,มนุษยศาสตร์ดิจิทัล
sl,Slovene,Digital Humanities,Digitalna humanistika,Digitalna humanistika
fi,Finnish,Digital Humanities,Digitaaliset ihmistieteet,Digitaaliset humanistiset tieteet
sv,Swedish,Digital Humanities,Digital humaniora,Digital humaniora
ja,Japanese,Digital Humanities,デジタル・ヒューマニティーズ,デジタル・ヒューマニティーズ
es,Spanish; Castilian,Digital Humanities,Humanidades digitales,Humanidades digitales
he,Hebrew (modern),Digital Humanities,מדעי הרוח הדיגיטליים,מדעי הרוח הדיגיטליים
ab,Abkhaz,Digital Humanities,,
aa,Afar,Digital Humanities,,
af,Afrikaans,Digital Humanities,,Digitale Geesteswetenskappe
ak,Akan,Digital Humanities,,Digitals Nnipa Ho Adesua
sq,Albanian,Digital Humanities,,Shkenca Dixhitale Humane
am,Amharic,Digital Humanities,,ዲጂታል ሰብአዊነት
an,Aragonese,Digital Humanities,,
hy,Armenian,Digital Humanities,,Թվային հումանիտար գիտություններ
as,Assamese,Digital Humanities,,ডিজিটেল মানৱীয় বিজ্ঞান
av,Avaric,Digital Humanities,,
ae,Avestan,Digital Humanities,,
ay,Aymara,Digital Humanities,,Humanidades Digitales uka tuqit yatxataña
az,Azerbaijani,Digital Humanities,,Rəqəmsal humanitar elmlər
bm,Bambara,Digital Humanities,,Hadamadenw ka dɔnniya nimɔrɔma
ba,Bashkir,Digital Humanities,,
eu,Basque,Digital Humanities,,Humanitate Digitalak
be,Belarusian,Digital Humanities,,Лічбавая гуманітарная навука
bn,Bengali,Digital Humanities,,ডিজিটাল মানবিক
bh,Bihari,Digital Humanities,,डिजिटल मानविकी के बारे में बतावल गइल बा
bi,Bislama,Digital Humanities,,
bs,Bosnian,Digital Humanities,,Digitalne humanističke nauke
br,Breton,Digital Humanities,,
bg,Bulgarian,Digital Humanities,,Дигитални хуманитарни науки
my,Burmese,Digital Humanities,,ဒစ်ဂျစ်တယ်လူ့ပညာ
ch,Chamorro,Digital Humanities,,
ce,Chechen,Digital Humanities,,
ny,Chichewa; Chewa; Nyanja,Digital Humanities,,Digital Humanities
zh,Chinese,Digital Humanities,,数字人文
cv,Chuvash,Digital Humanities,,
kw,Cornish,Digital Humanities,,
co,Corsican,Digital Humanities,,Umanità digitale
cr,Cree,Digital Humanities,,
hr,Croatian,Digital Humanities,,Digitalne humanističke znanosti
cs,Czech,Digital Humanities,,Digitální humanitní vědy
da,Danish,Digital Humanities,,Digital Humaniora
dv,Divehi; Maldivian;,Digital Humanities,,ދިރާގު ހިއުމަނިޓީސް އެވެ
nl,Dutch,Digital Humanities,,Digitale geesteswetenschappen
dz,Dzongkha,Digital Humanities,,
eo,Esperanto,Digital Humanities,,Ciferecaj Homaroj
et,Estonian,Digital Humanities,,Digitaalhumanitaaria
ee,Ewe,Digital Humanities,,Digitál Amegbetɔŋutinunya
fo,Faroese,Digital Humanities,,
fj,Fijian,Digital Humanities,,
ff,Fula,Digital Humanities,,
gl,Galician,Digital Humanities,,Humanidades Dixitais
ka,Georgian,Digital Humanities,,ციფრული ჰუმანიტარული მეცნიერებები
el,"Greek, Modern",Digital Humanities,,Ψηφιακές Ανθρωπιστικές Επιστήμες
gn,Guaraní,Digital Humanities,,Humanidades Digitales rehegua
gu,Gujarati,Digital Humanities,,ડિજિટલ માનવતા
ht,Haitian,Digital Humanities,,Syans imanitè dijital
ha,Hausa,Digital Humanities,,Digital Humanities
hz,Herero,Digital Humanities,,
hi,Hindi,Digital Humanities,,डिजिटल मानविकी
ho,Hiri Motu,Digital Humanities,,
hu,Hungarian,Digital Humanities,,Digitális humán tudományok
ia,Interlingua,Digital Humanities,,
id,Indonesian,Digital Humanities,,Humaniora Digital
ie,Interlingue,Digital Humanities,,
ga,Irish,Digital Humanities,,Daonnachtaí Digiteacha
ig,Igbo,Digital Humanities,,Digital Humanities
ik,Inupiaq,Digital Humanities,,
io,Ido,Digital Humanities,,
is,Icelandic,Digital Humanities,,Stafræn hugvísindi
iu,Inuktitut,Digital Humanities,,
jv,Javanese,Digital Humanities,,Kamanungsan Digital
kl,Kalaallisut,Digital Humanities,,
kn,Kannada,Digital Humanities,,ಡಿಜಿಟಲ್ ಹ್ಯುಮಾನಿಟೀಸ್
kr,Kanuri,Digital Humanities,,
ks,Kashmiri,Digital Humanities,,
kk,Kazakh,Digital Humanities,,Сандық гуманитарлық ғылымдар
km,Khmer,Digital Humanities,,មនុស្សធម៌ឌីជីថល
ki,"Kikuyu, Gikuyu",Digital Humanities,,
rw,Kinyarwanda,Digital Humanities,,Ubumenyamuntu
ky,"Kirghiz, Kyrgyz",Digital Humanities,,Санариптик гуманитардык илимдер
kv,Komi,Digital Humanities,,
kg,Kongo,Digital Humanities,,
ku,Kurdish,Digital Humanities,,Dijîtal Humanities
kj,"Kwanyama, Kuanyama",Digital Humanities,,
lb,Luxembourgish,Digital Humanities,,Digital Humanities
lg,Luganda,Digital Humanities,,Eby’obuntubulamu ebya Digital
li,Limburgish,Digital Humanities,,
ln,Lingala,Digital Humanities,,Humanités numériques
lo,Lao,Digital Humanities,,ມະນຸດສາດດິຈິຕອນ
lt,Lithuanian,Digital Humanities,,Skaitmeniniai humanitariniai mokslai
lu,Luba-Katanga,Digital Humanities,,
lv,Latvian,Digital Humanities,,Digitālās humanitārās zinātnes
gv,Manx,Digital Humanities,,
mk,Macedonian,Digital Humanities,,Дигитални хуманистички науки
mg,Malagasy,Digital Humanities,,Digital Humanities
ms,Malay,Digital Humanities,,Kemanusiaan Digital
ml,Malayalam,Digital Humanities,,ഡിജിറ്റൽ ഹ്യുമാനിറ്റീസ്
mt,Maltese,Digital Humanities,,Umanistika Diġitali
mi,Māori,Digital Humanities,,Mamati Tangata
mr,Marathi (Marāṭhī),Digital Humanities,,डिजिटल मानवता
mh,Marshallese,Digital Humanities,,
mn,Mongolian,Digital Humanities,,Дижитал хүмүүнлэг
na,Nauru,Digital Humanities,,
nv,"Navajo, Navaho",Digital Humanities,,
nb,Norwegian Bokmål,Digital Humanities,,Digital humaniora
nd,North Ndebele,Digital Humanities,,
ne,Nepali,Digital Humanities,,डिजिटल मानविकी
ng,Ndonga,Digital Humanities,,
nn,Norwegian Nynorsk,Digital Humanities,,
no,Norwegian,Digital Humanities,,Digital humaniora
ii,Nuosu,Digital Humanities,,
nr,South Ndebele,Digital Humanities,,
oc,Occitan,Digital Humanities,,
oj,"Ojibwe, Ojibwa",Digital Humanities,,
cu,Old Church Slavonic,Digital Humanities,,
om,Oromo,Digital Humanities,,Saayinsii Namoomaa Dijitaalaa
or,Oriya,Digital Humanities,,ଡିଜିଟାଲ୍ ମାନବିକତା |
os,"Ossetian, Ossetic",Digital Humanities,,
pa,"Panjabi, Punjabi",Digital Humanities,,ਡਿਜੀਟਲ ਮਨੁੱਖਤਾ
pi,Pāli,Digital Humanities,,
fa,Persian,Digital Humanities,,علوم انسانی دیجیتال
pl,Polish,Digital Humanities,,Humanistyka cyfrowa
ps,"Pashto, Pushto",Digital Humanities,,ډیجیټل انسانیتونه
pt,Portuguese,Digital Humanities,,Humanidades Digitais
qu,Quechua,Digital Humanities,,Humanidades Digitales nisqa
rm,Romansh,Digital Humanities,,
rn,Kirundi,Digital Humanities,,
ro,"Romanian, Moldavan",Digital Humanities,,Științe umaniste digitale
sa,Sanskrit (Saṁskṛta),Digital Humanities,,डिजिटल मानविकी
sc,Sardinian,Digital Humanities,,
sd,Sindhi,Digital Humanities,,ڊجيٽل انسانيت
se,Northern Sami,Digital Humanities,,
sm,Samoan,Digital Humanities,,Digital Humanities
sg,Sango,Digital Humanities,,
sr,Serbian,Digital Humanities,,Дигиталне хуманистичке науке
gd,Scottish Gaelic,Digital Humanities,,Daonnachdan didseatach
sn,Shona,Digital Humanities,,Digital Humanities
si,"Sinhala, Sinhalese",Digital Humanities,,ඩිජිටල් මානව ශාස්ත්‍ර
sk,Slovak,Digital Humanities,,Digitálne humanitné vedy
so,Somali,Digital Humanities,,Aadamaha Dijital ah
st,Southern Sotho,Digital Humanities,,Digital Humanities
su,Sundanese,Digital Humanities,,Kamanusaan Digital
sw,Swahili,Digital Humanities,,Binadamu wa Kidijitali
ss,Swati,Digital Humanities,,
te,Telugu,Digital Humanities,,డిజిటల్ హ్యుమానిటీస్
tg,Tajik,Digital Humanities,,Илмҳои гуманитарии рақамӣ
ti,Tigrinya,Digital Humanities,,ዲጂታል ሰብኣዊ ስነፍልጠት
bo,Tibetan,Digital Humanities,,
tk,Turkmen,Digital Humanities,,Sanly gumanitar ylymlar
tl,Tagalog,Digital Humanities,,Digital Humanities
tn,Tswana,Digital Humanities,,
to,Tonga,Digital Humanities,,
tr,Turkish,Digital Humanities,,Dijital Beşeri Bilimler
ts,Tsonga,Digital Humanities,,Vutivi bya Vanhu bya Dijitali
tt,Tatar,Digital Humanities,,Санлы гуманитар фәннәр
tw,Twi,Digital Humanities,,Digitals Nnipa Ho Adesua
ty,Tahitian,Digital Humanities,,
ug,"Uighur, Uyghur",Digital Humanities,,رەقەملىك ئادىمىيلىك
uk,Ukrainian,Digital Humanities,,Цифрові гуманітарні науки
ur,Urdu,Digital Humanities,,ڈیجیٹل ہیومینٹیز
uz,Uzbek,Digital Humanities,,Raqamli gumanitar fanlar
ve,Venda,Digital Humanities,,
vi,Vietnamese,Digital Humanities,,Nhân văn kỹ thuật số
vo,Volapük,Digital Humanities,,
wa,Walloon,Digital Humanities,,
wo,Wolof,Digital Humanities,,
fy,Western Frisian,Digital Humanities,,Digitale Humanities
xh,Xhosa,Digital Humanities,,I-Digital Humanities
yi,Yiddish,Digital Humanities,,דיגיטאַל הומאַניטיעס
yo,Yoruba,Digital Humanities,,Digital Humanities
za,"Zhuang, Chuang",Digital Humanities,,
zu,Zulu,Digital Humanities,,I-Digital Humanities
